O*NET-SOC Code,n_tarefas,exposicao_media,desvio,entropia,share_E0,soc2,knowledge_work
11-1011.00,31.0,0.45161290322580644,0.26502704395411264,0.716571904025665,0.1935483870967742,11,True
11-1011.03,18.0,0.5555555555555556,0.22906142364542562,0.5959059181125509,0.05555555555555555,11,True
11-1021.00,17.0,0.47058823529411764,0.11764705882352942,0.2036369685406085,0.058823529411764705,11,True
11-1031.00,30.0,0.4,0.23804761428476168,0.6193151318602828,0.23333333333333334,11,True
11-2011.00,30.0,0.4666666666666667,0.12472191289246472,0.2229449181672394,0.06666666666666667,11,True
11-2021.00,20.0,0.5,0.15811388300841897,0.3589962496465303,0.05,11,True
11-2022.00,17.0,0.4411764705882353,0.16109486985446062,0.3296982574030469,0.11764705882352941,11,True
11-2032.00,20.0,0.55,0.21794494717703367,0.5578578164321782,0.05,11,True
11-2033.00,16.0,0.5625,0.16535945694153692,0.34295098019812775,0.0,11,True
11-3012.00,18.0,0.4166666666666667,0.3004626062886658,0.820042596026009,0.2777777777777778,11,True
11-3013.00,11.0,0.3181818181818182,0.24052284646041733,0.5966452229439911,0.36363636363636365,11,True
11-3013.01,28.0,0.48214285714285715,0.21053260933127851,0.5364959133847246,0.10714285714285714,11,True
11-3021.00,17.0,0.5294117647058824,0.20797258270192576,0.5264143616682582,0.058823529411764705,11,True
11-3031.00,21.0,0.47619047619047616,0.10647942749999,0.1742599131034775,0.047619047619047616,11,True
11-3031.01,22.0,0.4772727272727273,0.10414944761263274,0.16830996801605605,0.045454545454545456,11,True
11-3031.03,20.0,0.5,0.0,0.0,0.0,11,True
11-3051.00,21.0,0.47619047619047616,0.18747637795266214,0.4560725552838438,0.09523809523809523,11,True
11-3051.01,27.0,0.5,0.19245008972987526,0.4753012922632568,0.07407407407407407,11,True
11-3051.02,17.0,0.47058823529411764,0.3194935438588299,0.8726389366057713,0.23529411764705882,11,True
11-3051.03,14.0,0.2857142857142857,0.24743582965269675,0.6216097450797566,0.42857142857142855,11,True
11-3051.04,19.0,0.3157894736842105,0.2906673951891384,0.7800729735301214,0.42105263157894735,11,True
11-3051.06,19.0,0.34210526315789475,0.2834297266912897,0.7639360713929293,0.3684210526315789,11,True
11-3061.00,18.0,0.5833333333333334,0.25,0.6643316545871261,0.05555555555555555,11,True
11-3071.00,30.0,0.48333333333333334,0.1572330188676101,0.35384129071795406,0.06666666666666667,11,True
11-3071.04,30.0,0.48333333333333334,0.08975274678557507,0.13302668058241068,0.03333333333333333,11,True
11-3111.00,24.0,0.5,0.25,0.6695919455357792,0.125,11,True
11-3121.00,26.0,0.4807692307692308,0.16874931514215616,0.3923778268231289,0.07692307692307693,11,True
11-3131.00,12.0,0.5,0.2041241452319315,0.5152734452350943,0.08333333333333333,11,True
11-9013.00,30.0,0.38333333333333336,0.2477678124553084,0.651288847019223,0.26666666666666666,11,True
11-9021.00,25.0,0.44,0.21540659228538014,0.5465830980043143,0.16,11,True
11-9031.00,17.0,0.47058823529411764,0.20797258270192576,0.5264143616682583,0.11764705882352941,11,True
11-9032.00,32.0,0.421875,0.22041774968227945,0.5598283129408776,0.1875,11,True
11-9033.00,29.0,0.46551724137931033,0.18246560765962697,0.43578006121768476,0.10344827586206896,11,True
11-9041.00,21.0,0.47619047619047616,0.10647942749999,0.1742599131034775,0.047619047619047616,11,True
11-9041.01,19.0,0.4473684210526316,0.32014539633148525,0.8730854735266304,0.2631578947368421,11,True
11-9051.00,28.0,0.42857142857142855,0.25753937681885636,0.6908140210976048,0.21428571428571427,11,True
11-9071.00,19.0,0.5526315789473685,0.35889951834173306,0.9520903566147749,0.21052631578947367,11,True
11-9072.00,17.0,0.35294117647058826,0.3743506488634663,0.9360847109776409,0.47058823529411764,11,True
11-9081.00,24.0,0.4583333333333333,0.19982631347136331,0.4954284041636705,0.125,11,True
11-9111.00,18.0,0.4166666666666667,0.18633899812498247,0.41011848630651804,0.16666666666666666,11,True
11-9121.00,16.0,0.5625,0.16535945694153692,0.34295098019812775,0.0,11,True
11-9121.01,33.0,0.5303030303030303,0.2443108408575318,0.6501267132051686,0.09090909090909091,11,True
11-9121.02,21.0,0.5,0.1543033499620919,0.34635168603374933,0.047619047619047616,11,True
11-9131.00,13.0,0.5,0.2773500981126146,0.7559699029892673,0.15384615384615385,11,True
11-9141.00,27.0,0.42592592592592593,0.17762338975232295,0.3818302176600779,0.14814814814814814,11,True
11-9151.00,16.0,0.40625,0.2633171804117612,0.707676529682256,0.25,11,True
11-9161.00,23.0,0.41304347826086957,0.1895173453713336,0.4205641191458019,0.17391304347826086,11,True
11-9171.00,22.0,0.4318181818181818,0.3124483428378982,0.8528196251894569,0.2727272727272727,11,True
11-9179.01,24.0,0.375,0.2975595178559521,0.8080141510844469,0.3333333333333333,11,True
11-9179.02,21.0,0.5238095238095238,0.3264597428762402,0.889595191167314,0.19047619047619047,11,True
11-9199.01,27.0,0.5555555555555556,0.15713484026367724,0.31752065714278016,0.0,11,True
11-9199.02,30.0,0.5166666666666667,0.15723301886761007,0.35384129071795406,0.03333333333333333,11,True
11-9199.08,27.0,0.4444444444444444,0.24845199749997665,0.6620967530389114,0.18518518518518517,11,True
11-9199.09,16.0,0.4375,0.24206145913796356,0.6398243839286435,0.1875,11,True
11-9199.10,15.0,0.5333333333333333,0.12472191289246473,0.2229449181672394,0.0,11,True
11-9199.11,23.0,0.45652173913043476,0.20393111999232302,0.5095831638663089,0.13043478260869565,11,True
13-1011.00,14.0,0.5357142857142857,0.22868300847974463,0.5970948432879916,0.07142857142857142,13,True
13-1021.00,12.0,0.5416666666666666,0.13819269959814165,0.2610893633857883,0.0,13,True
13-1022.00,20.0,0.475,0.1920286436967152,0.4716734178155153,0.1,13,True
13-1023.00,19.0,0.47368421052631576,0.19692933614599695,0.48849313631394425,0.10526315789473684,13,True
13-1031.00,29.0,0.5344827586206896,0.18246560765962697,0.4357800612176847,0.034482758620689655,13,True
13-1032.00,7.0,0.5,0.0,0.0,0.0,13,True
13-1041.00,16.0,0.625,0.33071891388307384,0.8868595071429147,0.125,13,True
13-1041.01,26.0,0.46153846153846156,0.3374986302843124,0.9135702389680999,0.2692307692307692,13,True
13-1041.03,19.0,0.6052631578947368,0.3831636783831852,0.964961840382344,0.21052631578947367,13,True
13-1041.04,14.0,0.39285714285714285,0.2789374884252377,0.7559279292634754,0.2857142857142857,13,True
13-1041.06,20.0,0.35,0.3570714214271425,0.9197173235750931,0.45,13,True
13-1041.07,32.0,0.53125,0.17399263633843817,0.4069334185909922,0.03125,13,True
13-1041.08,23.0,0.6304347826086957,0.21955445518178432,0.5224449947571248,0.0,13,True
13-1051.00,14.0,0.5,0.0,0.0,0.0,13,True
13-1071.00,26.0,0.6346153846153846,0.2615667405526047,0.6970454738335348,0.038461538461538464,13,True
13-1074.00,8.0,0.125,0.21650635094610965,0.5118595071429147,0.75,13,True
13-1075.00,28.0,0.5535714285714286,0.24419275591388115,0.6480016190499649,0.07142857142857142,13,True
13-1081.00,22.0,0.5,0.21320071635561044,0.5462947022805017,0.09090909090909091,13,True
13-1081.01,30.0,0.5166666666666667,0.08975274678557504,0.13302668058241068,0.0,13,True
13-1081.02,31.0,0.5645161290322581,0.1676178200873107,0.3500260498837354,0.0,13,True
13-1082.00,20.0,0.55,0.15,0.29590327428938457,0.0,13,True
13-1111.00,11.0,0.4090909090909091,0.28747978728803447,0.782775952814142,0.2727272727272727,13,True
13-1121.00,21.0,0.47619047619047616,0.24281045302822787,0.6454645236511274,0.14285714285714285,13,True
13-1131.00,28.0,0.5,0.2672612419124244,0.72483409150576,0.14285714285714285,13,True
13-1141.00,24.0,0.4791666666666667,0.22726483572157738,0.5934312260133704,0.125,13,True
13-1151.00,20.0,0.55,0.15,0.29590327428938457,0.0,13,True
13-1161.00,13.0,0.5,0.0,0.0,0.0,13,True
13-1161.01,36.0,0.5555555555555556,0.15713484026367724,0.31752065714278016,0.0,13,True
13-1199.04,21.0,0.5714285714285714,0.17496355305594127,0.37330396038588726,0.0,13,True
13-1199.05,14.0,0.6071428571428571,0.2051629516620725,0.4729419509410569,0.0,13,True
13-1199.06,34.0,0.6470588235294118,0.30987216920155114,0.8360651085742427,0.08823529411764706,13,True
13-1199.07,23.0,0.5217391304347826,0.2749806661015982,0.7485306016287521,0.13043478260869565,13,True
13-2011.00,30.0,0.55,0.15000000000000002,0.29590327428938457,0.0,13,True
13-2022.00,14.0,0.5714285714285714,0.1749635530559413,0.37330396038588726,0.0,13,True
13-2023.00,30.0,0.5,0.12909944487358055,0.2650069017386699,0.03333333333333333,13,True
13-2031.00,13.0,0.5,0.19611613513818404,0.4878527713892913,0.07692307692307693,13,True
13-2041.00,11.0,0.5454545454545454,0.14373989364401724,0.27729172565378846,0.0,13,True
13-2051.00,26.0,0.46153846153846156,0.13323467750529824,0.24684720518702505,0.07692307692307693,13,True
13-2052.00,21.0,0.5,0.1543033499620919,0.34635168603374933,0.047619047619047616,13,True
13-2053.00,7.0,0.5714285714285714,0.1749635530559413,0.37330396038588726,0.0,13,True
13-2054.00,30.0,0.5333333333333333,0.12472191289246472,0.2229449181672394,0.0,13,True
13-2061.00,17.0,0.5,0.17149858514250885,0.40392528723498305,0.058823529411764705,13,True
13-2071.00,23.0,0.6086956521739131,0.25351964760196954,0.672959275852357,0.043478260869565216,13,True
13-2072.00,30.0,0.5833333333333334,0.22669117514559073,0.5816124537548851,0.03333333333333333,13,True
13-2081.00,25.0,0.56,0.21540659228538017,0.5465830980043143,0.04,13,True
13-2082.00,12.0,0.625,0.21650635094610965,0.5118595071429147,0.0,13,True
13-2099.01,21.0,0.6666666666666666,0.23570226039551578,0.5793801642856949,0.0,13,True
13-2099.04,23.0,0.45652173913043476,0.2516486283215267,0.6735876463099149,0.17391304347826086,13,True
15-1211.00,22.0,0.75,0.32856437033638547,0.8130474783783602,0.09090909090909091,15,True
15-1211.01,17.0,0.47058823529411764,0.11764705882352942,0.2036369685406085,0.058823529411764705,15,True
15-1212.00,12.0,0.625,0.2975595178559521,0.8080141510844469,0.08333333333333333,15,True
15-1221.00,15.0,0.6,0.32659863237109044,0.8830374409547586,0.13333333333333333,15,True
15-1231.00,26.0,0.6346153846153846,0.38123514618459636,0.9476787465325341,0.19230769230769232,15,True
15-1232.00,16.0,0.59375,0.4038389994787527,0.9755307720176264,0.25,15,True
15-1241.00,33.0,0.6666666666666666,0.2930163576638442,0.7896303742630636,0.06060606060606061,15,True
15-1241.01,26.0,0.6153846153846154,0.31948553318915673,0.8644769254188533,0.11538461538461539,15,True
15-1242.00,18.0,0.9444444444444444,0.15713484026367724,0.31752065714278016,0.0,15,True
15-1243.00,25.0,0.86,0.2244994432064365,0.5397293690992068,0.0,15,True
15-1243.01,18.0,0.9444444444444444,0.15713484026367724,0.31752065714278016,0.0,15,True
15-1244.00,20.0,0.7,0.33166247903554,0.858672711073255,0.1,15,True
15-1251.00,17.0,0.9411764705882353,0.16109486985446062,0.3296982574030469,0.0,15,True
15-1252.00,19.0,0.868421052631579,0.27348170645824377,0.5762173955216959,0.05263157894736842,15,True
15-1253.00,30.0,0.8666666666666667,0.2867441755680875,0.5713619478607342,0.06666666666666667,15,True
15-1254.00,29.0,0.9310344827586207,0.1724137931034483,0.36517874988762755,0.0,15,True
15-1255.00,30.0,0.8333333333333334,0.2357022603955158,0.5793801642856949,0.0,15,True
15-1255.01,24.0,0.6666666666666666,0.23570226039551584,0.5793801642856949,0.0,15,True
15-1299.01,35.0,0.9142857142857143,0.18844151368961315,0.4170208032325504,0.0,15,True
15-1299.02,29.0,0.5862068965517241,0.1888698474155745,0.41843061898188433,0.0,15,True
15-1299.03,23.0,0.6086956521739131,0.2062354995761987,0.4765888229013202,0.0,15,True
15-1299.04,22.0,0.7954545454545454,0.2883767622829436,0.721354670288765,0.045454545454545456,15,True
15-1299.05,20.0,0.675,0.2384848003542364,0.589331327997029,0.0,15,True
15-1299.06,20.0,0.725,0.248746859276655,0.626370941606566,0.0,15,True
15-1299.07,17.0,0.9705882352941176,0.11764705882352942,0.2036369685406085,0.0,15,True
15-1299.08,28.0,0.7678571428571429,0.24936142935301683,0.6286057361645081,0.0,15,True
15-1299.09,21.0,0.5714285714285714,0.17496355305594127,0.37330396038588726,0.0,15,True
15-2011.00,15.0,0.5,0.0,0.0,0.0,15,True
15-2021.00,11.0,1.0,0.0,0.0,0.0,15,True
15-2031.00,16.0,0.625,0.21650635094610965,0.5118595071429147,0.0,15,True
15-2041.00,19.0,0.7894736842105263,0.24686398735912787,0.619535658677928,0.0,15,True
15-2041.01,25.0,0.66,0.23323807579381203,0.5706011702567103,0.0,15,True
15-2051.00,16.0,0.75,0.25,0.6309297535714574,0.0,15,True
15-2051.01,17.0,0.7058823529411765,0.24607647839237518,0.616681982749401,0.0,15,True
15-2051.02,21.0,0.6428571428571429,0.22587697572631282,0.5445684476282007,0.0,15,True
15-2099.01,19.0,0.868421052631579,0.2734817064582438,0.5762173955216959,0.05263157894736842,15,True
17-1011.00,24.0,0.5,0.2041241452319315,0.5152734452350943,0.08333333333333333,17,False
17-1012.00,19.0,0.42105263157894735,0.18232113763882918,0.39701205774251874,0.15789473684210525,17,False
17-1021.00,14.0,0.5357142857142857,0.12876968840942818,0.23422152036528646,0.0,17,False
17-1022.00,24.0,0.5,0.25,0.6695919455357792,0.125,17,False
17-1022.01,16.0,0.53125,0.27775607554111215,0.7567751872715525,0.125,17,False
17-2011.00,18.0,0.5555555555555556,0.2290614236454256,0.5959059181125509,0.05555555555555555,17,False
17-2021.00,14.0,0.42857142857142855,0.25753937681885636,0.6908140210976048,0.21428571428571427,17,False
17-2031.00,30.0,0.6,0.23804761428476168,0.6193151318602826,0.03333333333333333,17,False
17-2041.00,13.0,0.46153846153846156,0.23709284626803753,0.625418115623811,0.15384615384615385,17,False
17-2051.00,17.0,0.4411764705882353,0.23529411764705882,0.6170591141539598,0.17647058823529413,17,False
17-2051.01,26.0,0.5,0.1386750490563073,0.29538026315406024,0.038461538461538464,17,False
17-2051.02,28.0,0.5,0.1889822365046136,0.46343678232466695,0.07142857142857142,17,False
17-2061.00,18.0,0.6944444444444444,0.33907098932593616,0.8720094340562979,0.1111111111111111,17,False
17-2071.00,22.0,0.5454545454545454,0.2980653874682727,0.8156200630405978,0.13636363636363635,17,False
17-2072.00,21.0,0.5476190476190477,0.30491067797299276,0.8342820655073296,0.14285714285714285,17,False
17-2072.01,21.0,0.6666666666666666,0.3212080372198105,0.8559631658263382,0.09523809523809523,17,False
17-2081.00,28.0,0.5535714285714286,0.20438434182606424,0.5084395376194123,0.03571428571428571,17,False
17-2111.00,27.0,0.4444444444444444,0.28327886186626583,0.7725068857142601,0.2222222222222222,17,False
17-2111.02,13.0,0.5384615384615384,0.13323467750529827,0.24684720518702505,0.0,17,False
17-2112.00,20.0,0.525,0.10897247358851686,0.18069636157678548,0.0,17,False
17-2112.01,26.0,0.5192307692307693,0.2587235393668021,0.6975637594191427,0.11538461538461539,17,False
17-2112.02,22.0,0.7045454545454546,0.3254050241653717,0.8467198543870302,0.09090909090909091,17,False
17-2112.03,24.0,0.4791666666666667,0.17554478694117412,0.4153735007338397,0.08333333333333333,17,False
17-2121.00,30.0,0.4166666666666667,0.29107081994288303,0.7937350272428476,0.26666666666666666,17,False
17-2131.00,21.0,0.47619047619047616,0.2876915707998708,0.7865834126456137,0.19047619047619047,17,False
17-2141.00,28.0,0.44642857142857145,0.20438434182606424,0.5084395376194123,0.14285714285714285,17,False
17-2141.01,26.0,0.4807692307692308,0.3530299952054965,0.9450467915555958,0.2692307692307692,17,False
17-2141.02,25.0,0.66,0.27276363393971714,0.7309629290050981,0.04,17,False
17-2151.00,18.0,0.4722222222222222,0.2620550314460168,0.7079749057776119,0.16666666666666666,17,False
17-2161.00,20.0,0.55,0.3122498999199199,0.8534739433956112,0.15,17,False
17-2171.00,23.0,0.5,0.29488391230979427,0.807550748986696,0.17391304347826086,17,False
17-2199.03,21.0,0.5476190476190477,0.14677176197545183,0.2862631380745629,0.0,17,False
17-2199.05,23.0,0.5434782608695652,0.2916610405434508,0.7975511165325084,0.13043478260869565,17,False
17-2199.06,31.0,0.4838709677419355,0.34742998755706483,0.9347651940822337,0.25806451612903225,17,False
17-2199.07,26.0,0.5,0.3396831102433787,0.9194324237704884,0.23076923076923078,17,False
17-2199.08,24.0,0.5833333333333334,0.372677996249965,0.964293412944227,0.20833333333333334,17,False
17-2199.09,25.0,0.6,0.28284271247461906,0.7683442422420084,0.08,17,False
17-2199.10,16.0,0.46875,0.27775607554111215,0.7567751872715525,0.1875,17,False
17-2199.11,13.0,0.46153846153846156,0.23709284626803753,0.625418115623811,0.15384615384615385,17,False
17-3011.00,28.0,0.5357142857142857,0.18557687223952257,0.4464267471205894,0.03571428571428571,17,False
17-3012.00,30.0,0.5833333333333334,0.2608745973749755,0.7006804581672933,0.06666666666666667,17,False
17-3013.00,15.0,0.5,0.18257418583505536,0.44155167050817345,0.06666666666666667,17,False
17-3021.00,12.0,0.2916666666666667,0.3200477394945253,0.8359889967247164,0.5,17,False
17-3022.00,15.0,0.5666666666666667,0.16996731711975946,0.3574277033653125,0.0,17,False
17-3023.00,30.0,0.4166666666666667,0.36704525909242064,0.9576983409673656,0.36666666666666664,17,False
17-3024.00,29.0,0.3620689655172414,0.36898163032814996,0.9379607148064744,0.4482758620689655,17,False
17-3024.01,23.0,0.43478260869565216,0.44974262751254784,0.9323544458797425,0.4782608695652174,17,False
17-3025.00,26.0,0.40384615384615385,0.2780160056692492,0.7540357943890003,0.2692307692307692,17,False
17-3026.00,30.0,0.45,0.26925824035672524,0.7298466991620975,0.2,17,False
17-3026.01,25.0,0.4,0.4,0.9724616681466846,0.44,17,False
17-3027.00,30.0,0.4666666666666667,0.31446603773522014,0.859892960555857,0.23333333333333334,17,False
17-3027.01,18.0,0.2777777777777778,0.29917582261858355,0.7896900821428475,0.5,17,False
17-3028.00,15.0,0.4,0.37416573867739417,0.9602297178607612,0.4,17,False
17-3029.01,16.0,0.28125,0.24803918541230538,0.6237998740277074,0.4375,17,False
17-3029.08,30.0,0.21666666666666667,0.3337497399083464,0.764724380911158,0.6666666666666666,17,False
17-3031.00,30.0,0.5,0.22360679774997896,0.5816718657178868,0.1,17,False
19-1011.00,9.0,0.5,0.23570226039551584,0.6223659728744494,0.1111111111111111,19,False
19-1012.00,13.0,0.34615384615384615,0.23076923076923078,0.5618376711211266,0.3076923076923077,19,False
19-1013.00,27.0,0.48148148148148145,0.09442628728875527,0.14419151484627768,0.037037037037037035,19,False
19-1021.00,24.0,0.4375,0.29973947020704494,0.8194483718728035,0.25,19,False
19-1022.00,14.0,0.39285714285714285,0.2789374884252377,0.7559279292634754,0.2857142857142857,19,False
19-1023.00,14.0,0.39285714285714285,0.2789374884252377,0.7559279292634754,0.2857142857142857,19,False
19-1029.01,20.0,0.725,0.248746859276655,0.626370941606566,0.0,19,False
19-1029.02,22.0,0.5,0.30151134457776363,0.8260742242427029,0.18181818181818182,19,False
19-1029.03,24.0,0.5208333333333334,0.3054766312211496,0.8366680755922805,0.16666666666666666,19,False
19-1029.04,22.0,0.5,0.30151134457776363,0.8260742242427029,0.18181818181818182,19,False
19-1031.00,30.0,0.43333333333333335,0.16996731711975951,0.3574277033653125,0.13333333333333333,19,False
19-1031.02,17.0,0.35294117647058826,0.22782254977690689,0.551420647321118,0.29411764705882354,19,False
19-1031.03,18.0,0.5,0.28867513459481287,0.7896900821428475,0.16666666666666666,19,False
19-1032.00,25.0,0.38,0.2135415650406262,0.5016145675514593,0.24,19,False
19-1041.00,15.0,0.43333333333333335,0.16996731711975951,0.3574277033653125,0.13333333333333333,19,False
19-1042.00,14.0,0.5,0.2672612419124244,0.72483409150576,0.14285714285714285,19,False
19-2011.00,17.0,0.4411764705882353,0.23529411764705882,0.6170591141539598,0.17647058823529413,19,False
19-2012.00,15.0,0.7,0.3055050463303894,0.8118126881672663,0.06666666666666667,19,False
19-2021.00,27.0,0.5370370370370371,0.2327741683328988,0.6109105085887243,0.07407407407407407,19,False
19-2031.00,13.0,0.38461538461538464,0.28781979898261084,0.7816596645276667,0.3076923076923077,19,False
19-2032.00,16.0,0.46875,0.27775607554111215,0.7567751872715525,0.1875,19,False
19-2041.00,22.0,0.5,0.15075567228888181,0.3346489759784663,0.045454545454545456,19,False
19-2041.01,14.0,0.5357142857142857,0.12876968840942818,0.23422152036528646,0.0,19,False
19-2041.02,23.0,0.5217391304347826,0.1792654619833765,0.4280272187063686,0.043478260869565216,19,False
19-2041.03,38.0,0.5263157894736842,0.11164843913471802,0.18768409270499467,0.0,19,False
19-2042.00,32.0,0.46875,0.24803918541230538,0.6624047097093317,0.15625,19,False
19-2043.00,25.0,0.5,0.2449489742783178,0.653037708408609,0.12,19,False
19-2099.01,24.0,0.4583333333333333,0.13819269959814165,0.2610893633857883,0.08333333333333333,19,False
19-3011.00,13.0,0.5,0.0,0.0,0.0,19,False
19-3011.01,20.0,0.6,0.2,0.4554859150035952,0.0,19,False
19-3022.00,16.0,0.625,0.21650635094610965,0.5118595071429147,0.0,19,False
19-3032.00,25.0,0.48,0.2227105745132009,0.578006238861464,0.12,19,False
19-3033.00,30.0,0.38333333333333336,0.3077697552103231,0.835891093067469,0.3333333333333333,19,False
19-3034.00,19.0,0.39473684210526316,0.20384122874775878,0.4684574992810823,0.21052631578947367,19,False
19-3039.02,14.0,0.4642857142857143,0.2286830084797446,0.5970948432879916,0.14285714285714285,19,False
19-3039.03,18.0,0.4444444444444444,0.2290614236454256,0.5959059181125509,0.16666666666666666,19,False
19-3041.00,13.0,0.5384615384615384,0.23709284626803756,0.625418115623811,0.07692307692307693,19,False
19-3051.00,25.0,0.48,0.09797958971132714,0.15286935115005693,0.04,19,False
19-3091.00,30.0,0.45,0.23629078131263043,0.6215741674447584,0.16666666666666666,19,False
19-3092.00,12.0,0.5,0.28867513459481287,0.7896900821428475,0.16666666666666666,19,False
19-3093.00,21.0,0.5,0.2672612419124244,0.72483409150576,0.14285714285714285,19,False
19-3094.00,14.0,0.5,0.1889822365046136,0.46343678232466695,0.07142857142857142,19,False
19-3099.01,22.0,0.5227272727272727,0.18323313064314883,0.44156114526904794,0.045454545454545456,19,False
19-4012.00,26.0,0.28846153846153844,0.3714078445351532,0.8725416159876914,0.5769230769230769,19,False
19-4012.01,22.0,0.5,0.21320071635561044,0.5462947022805017,0.09090909090909091,19,False
19-4013.00,16.0,0.34375,0.42274216432714634,0.895754137500101,0.5625,19,False
19-4021.00,18.0,0.3888888888888889,0.35572912430182496,0.9342064019134054,0.3888888888888889,19,False
19-4031.00,16.0,0.375,0.33071891388307384,0.8868595071429147,0.375,19,False
19-4042.00,26.0,0.4423076923076923,0.37536964030659875,0.9735388020244707,0.34615384615384615,19,False
19-4043.00,30.0,0.38333333333333336,0.2477678124553084,0.651288847019223,0.26666666666666666,19,False
19-4044.00,16.0,0.5,0.30618621784789724,0.8387794678549644,0.1875,19,False
19-4051.00,21.0,0.16666666666666666,0.3212080372198105,0.6454645236511274,0.7619047619047619,19,False
19-4051.02,19.0,0.23684210526315788,0.3758646541338342,0.7669160827649908,0.6842105263157895,19,False
19-4061.00,23.0,0.6304347826086957,0.33678116053977536,0.8971262769356833,0.13043478260869565,19,False
19-4071.00,21.0,0.35714285714285715,0.3140691894826885,0.8467954006879264,0.38095238095238093,19,False
19-4092.00,21.0,0.40476190476190477,0.24971639242146462,0.6617451580014916,0.23809523809523808,19,False
19-4099.01,26.0,0.5384615384615384,0.3076923076923077,0.8420887815606469,0.15384615384615385,19,False
19-4099.03,22.0,0.5681818181818182,0.1715871462561534,0.3625547592300895,0.0,19,False
19-5011.00,21.0,0.3333333333333333,0.2817180849095055,0.7576900267123767,0.38095238095238093,19,False
19-5012.00,26.0,0.40384615384615385,0.3106825850269906,0.845765853948716,0.3076923076923077,19,False
21-1011.00,23.0,0.1956521739130435,0.3209744143529001,0.7250832502304525,0.6956521739130435,21,False
21-1012.00,34.0,0.3088235294117647,0.29740806494348065,0.7957788822729809,0.4411764705882353,21,False
21-1013.00,16.0,0.125,0.2795084971874737,0.5478948105177534,0.8125,21,False
21-1014.00,27.0,0.25925925925925924,0.3153590067764148,0.8075742570071974,0.5555555555555556,21,False
21-1015.00,17.0,0.35294117647058826,0.28515763867154875,0.7703953782024133,0.35294117647058826,21,False
21-1021.00,23.0,0.2391304347826087,0.2900361753070942,0.7518181887591273,0.5652173913043478,21,False
21-1022.00,17.0,0.35294117647058826,0.28515763867154875,0.7703953782024133,0.35294117647058826,21,False
21-1023.00,13.0,0.2692307692307692,0.24925925763107157,0.6282340759682773,0.46153846153846156,21,False
21-1091.00,16.0,0.53125,0.32923917977664807,0.895754137500101,0.1875,21,False
21-1092.00,21.0,0.40476190476190477,0.33162829231390767,0.8946747982463996,0.3333333333333333,21,False
21-1093.00,20.0,0.35,0.39051248379533277,0.9372305632161295,0.5,21,False
21-1094.00,29.0,0.3103448275862069,0.3055180197701612,0.8152648797468854,0.4482758620689655,21,False
21-2011.00,21.0,0.3333333333333333,0.38832158167381164,0.9216124027287591,0.5238095238095238,21,False
21-2021.00,19.0,0.42105263157894735,0.3349453174041541,0.9041116874399232,0.3157894736842105,21,False
23-1011.00,22.0,0.4318181818181818,0.17158714625615337,0.3625547592300895,0.13636363636363635,23,True
23-1012.00,19.0,0.5,0.28097574347450816,0.7669160827649908,0.15789473684210525,23,True
23-1021.00,14.0,0.5,0.2672612419124244,0.72483409150576,0.14285714285714285,23,True
23-1022.00,20.0,0.5,0.22360679774997896,0.5816718657178868,0.1,23,True
23-1023.00,21.0,0.40476190476190477,0.1963383631246505,0.44320704809783745,0.19047619047619047,23,True
23-2011.00,12.0,0.5,0.28867513459481287,0.7896900821428475,0.16666666666666666,23,True
23-2093.00,17.0,0.5588235294117647,0.23529411764705882,0.6170591141539598,0.058823529411764705,23,True
25-1011.00,25.0,0.48,0.29933259094191533,0.8198746470064714,0.2,25,False
25-1021.00,26.0,0.5,0.2773500981126146,0.7559699029892673,0.15384615384615385,25,False
25-1022.00,24.0,0.5416666666666666,0.3510895738823483,0.9400439301545986,0.20833333333333334,25,False
25-1031.00,22.0,0.4772727272727273,0.3189924738095045,0.8716047565197955,0.22727272727272727,25,False
25-1032.00,24.0,0.5,0.28867513459481287,0.7896900821428475,0.16666666666666666,25,False
25-1041.00,23.0,0.5,0.3296902366978935,0.8974818754035069,0.21739130434782608,25,False
25-1042.00,27.0,0.46296296296296297,0.3020278968574091,0.8268759539346656,0.2222222222222222,25,False
25-1043.00,25.0,0.48,0.33105890714493696,0.9003120349047063,0.24,25,False
25-1051.00,26.0,0.4807692307692308,0.32465275031027174,0.8854530832062776,0.23076923076923078,25,False
25-1052.00,28.0,0.42857142857142855,0.34626284695830917,0.9275569476668388,0.32142857142857145,25,False
25-1053.00,25.0,0.5,0.34641016151377546,0.9330476495957025,0.24,25,False
25-1054.00,24.0,0.4166666666666667,0.31180478223116176,0.8499086239481111,0.2916666666666667,25,False
25-1061.00,26.0,0.5,0.3668996928526714,0.9679654817375236,0.2692307692307692,25,False
25-1062.00,23.0,0.5,0.3296902366978935,0.8974818754035069,0.21739130434782608,25,False
25-1063.00,22.0,0.45454545454545453,0.2980653874682727,0.8156200630405976,0.22727272727272727,25,False
25-1064.00,25.0,0.48,0.331058907144937,0.9003120349047063,0.24,25,False
25-1065.00,22.0,0.4772727272727273,0.3189924738095046,0.8716047565197955,0.22727272727272727,25,False
25-1066.00,29.0,0.46551724137931033,0.31977994812054156,0.8731514230940002,0.2413793103448276,25,False
25-1067.00,24.0,0.4166666666666667,0.31180478223116176,0.8499086239481111,0.2916666666666667,25,False
25-1071.00,23.0,0.4782608695652174,0.2749806661015982,0.7485306016287521,0.17391304347826086,25,False
25-1072.00,29.0,0.41379310344827586,0.3491113229537343,0.9300678767746695,0.3448275862068966,25,False
25-1081.00,24.0,0.4791666666666667,0.30547663122114954,0.8366680755922804,0.20833333333333334,25,False
25-1082.00,25.0,0.5,0.31622776601683794,0.8649735207179272,0.2,25,False
25-1111.00,23.0,0.5,0.3296902366978935,0.8974818754035069,0.21739130434782608,25,False
25-1112.00,23.0,0.45652173913043476,0.2916610405434508,0.7975511165325083,0.21739130434782608,25,False
25-1113.00,24.0,0.4375,0.33268165463898564,0.9012279263040422,0.2916666666666667,25,False
25-1121.00,28.0,0.44642857142857145,0.3087788654605461,0.8442647932162929,0.25,25,False
25-1122.00,23.0,0.43478260869565216,0.3058966799884845,0.8359625449963988,0.2608695652173913,25,False
25-1123.00,33.0,0.5454545454545454,0.3340213285613425,0.9056185178648962,0.18181818181818182,25,False
25-1124.00,25.0,0.54,0.34409301068170506,0.9269509774012182,0.2,25,False
25-1125.00,25.0,0.48,0.33105890714493696,0.9003120349047063,0.24,25,False
25-1126.00,23.0,0.5217391304347826,0.3450979970953814,0.9300167775596903,0.21739130434782608,25,False
25-1192.00,23.0,0.5434782608695652,0.2916610405434508,0.7975511165325084,0.13043478260869565,25,False
25-1193.00,24.0,0.5208333333333334,0.33785989042139286,0.9152153491241771,0.20833333333333334,25,False
25-1194.00,20.0,0.5,0.27386127875258304,0.7453115759478262,0.15,25,False
25-2011.00,34.0,0.22058823529411764,0.3017394783629881,0.7549134424805438,0.6176470588235294,25,False
25-2012.00,37.0,0.22972972972972974,0.2985232707347909,0.7594443906768586,0.5945945945945946,25,False
25-2021.00,38.0,0.3026315789473684,0.2933354843369468,0.7840755726444731,0.4473684210526316,25,False
25-2022.00,35.0,0.35714285714285715,0.3063944369932459,0.8283869533414225,0.37142857142857144,25,False
25-2023.00,31.0,0.3225806451612903,0.3924362922773045,0.9073877507761329,0.5483870967741935,25,False
25-2031.00,32.0,0.328125,0.26836818808308854,0.7151160362511587,0.375,25,False
25-2032.00,33.0,0.3333333333333333,0.36237153766973934,0.9145769471932929,0.48484848484848486,25,False
25-2051.00,36.0,0.19444444444444445,0.3390709893259362,0.7079749057776119,0.7222222222222222,25,False
25-2055.00,30.0,0.25,0.33541019662496846,0.8173454221465101,0.6,25,False
25-2056.00,30.0,0.31666666666666665,0.32871804872193366,0.8631780479091637,0.4666666666666667,25,False
25-2057.00,40.0,0.3,0.3122498999199199,0.8257760591831153,0.475,25,False
25-2058.00,40.0,0.3,0.33166247903554,0.8586727110732548,0.5,25,False
25-2059.01,20.0,0.475,0.40233692348577704,0.9976834773764092,0.35,25,False
25-3011.00,39.0,0.41025641025641024,0.3557547929618361,0.9402080105836514,0.358974358974359,25,False
25-3021.00,30.0,0.36666666666666664,0.3636237371545238,0.9352862928743537,0.43333333333333335,25,False
25-3031.00,18.0,0.3611111111111111,0.4347909956249591,0.8929352898779306,0.5555555555555556,25,False
25-3041.00,19.0,0.5263157894736842,0.25514104512717517,0.6858128831725211,0.10526315789473684,25,False
25-4011.00,13.0,0.5,0.19611613513818404,0.4878527713892913,0.07692307692307693,25,False
25-4012.00,15.0,0.5,0.2581988897471611,0.6961094714265039,0.13333333333333333,25,False
25-4013.00,26.0,0.25,0.2858859374484328,0.7487368590694103,0.5384615384615384,25,False
25-4022.00,30.0,0.5333333333333333,0.2560381915956203,0.68844308654496,0.1,25,False
25-4031.00,35.0,0.5714285714285714,0.3989782869648269,0.985567466337198,0.2571428571428571,25,False
25-9021.00,15.0,0.36666666666666664,0.28674417556808757,0.7766490138119515,0.3333333333333333,25,False
25-9031.00,30.0,0.5333333333333333,0.2867441755680876,0.7835807040488098,0.13333333333333333,25,False
25-9042.00,30.0,0.36666666666666664,0.4268749491621899,0.9189900464321512,0.5333333333333333,25,False
25-9043.00,30.0,0.26666666666666666,0.3815174380753199,0.8281306259327342,0.6333333333333333,25,False
25-9044.00,20.0,0.5,0.3872983346207417,0.9911594714322187,0.3,25,False
27-1011.00,16.0,0.5,0.1767766952966369,0.42181719939456,0.0625,27,False
27-1012.00,15.0,0.26666666666666666,0.2494438257849294,0.6289054987282648,0.4666666666666667,27,False
27-1013.00,32.0,0.40625,0.19515618744994995,0.4392610297141856,0.1875,27,False
27-1014.00,14.0,0.5357142857142857,0.12876968840942818,0.23422152036528646,0.0,27,False
27-1021.00,17.0,0.47058823529411764,0.11764705882352942,0.2036369685406085,0.058823529411764705,27,False
27-1022.00,20.0,0.4,0.2,0.4554859150035952,0.2,27,False
27-1023.00,16.0,0.1875,0.29973947020704494,0.707676529682256,0.6875,27,False
27-1024.00,16.0,0.5,0.0,0.0,0.0,27,False
27-1025.00,15.0,0.5,0.0,0.0,0.0,27,False
27-1026.00,25.0,0.28,0.2481934729198171,0.6243602109020209,0.44,27,False
27-1027.00,27.0,0.37037037037037035,0.2191140660407265,0.5209123406908595,0.25925925925925924,27,False
27-2011.00,19.0,0.18421052631578946,0.37029598103869177,0.5762173955216959,0.7894736842105263,27,False
27-2012.00,30.0,0.5,0.31622776601683794,0.8649735207179272,0.2,27,False
27-2012.03,23.0,0.45652173913043476,0.2916610405434508,0.7975511165325083,0.21739130434782608,27,False
27-2012.04,15.0,0.4666666666666667,0.22110831935702666,0.5713619478607342,0.13333333333333333,27,False
27-2012.05,15.0,0.43333333333333335,0.16996731711975946,0.3574277033653125,0.13333333333333333,27,False
27-2021.00,9.0,0.0,0.0,0.0,1.0,27,False
27-2022.00,28.0,0.32142857142857145,0.30514299090419755,0.817581733764401,0.42857142857142855,27,False
27-2023.00,16.0,0.34375,0.42274216432714634,0.895754137500101,0.5625,27,False
27-2031.00,14.0,0.03571428571428571,0.1287696884094282,0.23422152036528646,0.9285714285714286,27,False
27-2032.00,18.0,0.2777777777777778,0.29917582261858355,0.7896900821428475,0.5,27,False
27-2041.00,30.0,0.7,0.33166247903553997,0.858672711073255,0.1,27,False
27-2042.00,30.0,0.43333333333333335,0.40276819911981904,0.9877812438119244,0.4,27,False
27-2091.00,19.0,0.5263157894736842,0.44348156700928204,0.964961840382344,0.3684210526315789,27,False
27-3011.00,24.0,0.6666666666666666,0.31180478223116176,0.8359889967247163,0.08333333333333333,27,False
27-3023.00,30.0,0.65,0.22912878474779202,0.556032649876389,0.0,27,False
27-3031.00,18.0,0.5833333333333334,0.25,0.6643316545871261,0.05555555555555555,27,False
27-3041.00,21.0,0.6428571428571429,0.2735506022160966,0.7355278445292193,0.047619047619047616,27,False
27-3042.00,15.0,0.7,0.3055050463303894,0.8118126881672663,0.06666666666666667,27,False
27-3043.00,20.0,0.875,0.21650635094610965,0.5118595071429147,0.0,27,False
27-3043.05,16.0,0.875,0.33071891388307384,0.34295098019812775,0.125,27,False
27-3091.00,17.0,0.8823529411764706,0.32218973970892123,0.3296982574030469,0.11764705882352941,27,False
27-3092.00,14.0,0.9642857142857143,0.12876968840942818,0.23422152036528646,0.0,27,False
27-4011.00,29.0,0.4827586206896552,0.30745783620908634,0.8420384869622277,0.20689655172413793,27,False
27-4012.00,29.0,0.5,0.3713906763541037,0.9741497202287225,0.27586206896551724,27,False
27-4014.00,14.0,0.42857142857142855,0.25753937681885636,0.6908140210976048,0.21428571428571427,27,False
27-4015.00,16.0,0.15625,0.2914805954090255,0.6398243839286435,0.75,27,False
27-4021.00,29.0,0.39655172413793105,0.24137931034482757,0.6307404425754963,0.2413793103448276,27,False
27-4031.00,24.0,0.4375,0.26269833776913526,0.7082867688603651,0.20833333333333334,27,False
27-4032.00,23.0,0.5,0.20851441405707477,0.5302910328104031,0.08695652173913043,27,False
29-1011.00,11.0,0.45454545454545453,0.3340213285613424,0.9056185178648963,0.2727272727272727,29,False
29-1021.00,20.0,0.25,0.2958039891549808,0.7692552373208171,0.55,29,False
29-1022.00,14.0,0.03571428571428571,0.12876968840942818,0.23422152036528646,0.9285714285714286,29,False
29-1023.00,10.0,0.3,0.24494897427831783,0.6126016192893442,0.4,29,False
29-1024.00,11.0,0.045454545454545456,0.1437398936440172,0.27729172565378846,0.9090909090909091,29,False
29-1031.00,28.0,0.5178571428571429,0.21053260933127851,0.5364959133847246,0.07142857142857142,29,False
29-1041.00,10.0,0.3,0.2449489742783178,0.6126016192893442,0.4,29,False
29-1051.00,21.0,0.42857142857142855,0.31943828249996997,0.8699155297736259,0.2857142857142857,29,False
29-1071.00,12.0,0.375,0.21650635094610965,0.5118595071429147,0.25,29,False
29-1071.01,16.0,0.15625,0.23175620272173947,0.5653371812436325,0.6875,29,False
29-1081.00,11.0,0.2727272727272727,0.24896479886598458,0.6271632363697399,0.45454545454545453,29,False
29-1122.00,17.0,0.29411764705882354,0.34551000366090384,0.8702290979524682,0.5294117647058824,29,False
29-1122.01,21.0,0.2857142857142857,0.32991443953692906,0.8467954006879264,0.5238095238095238,29,False
29-1123.00,24.0,0.1875,0.31663925319938885,0.7082867688603651,0.7083333333333334,29,False
29-1124.00,22.0,0.2727272727272727,0.2910511017014931,0.7695756163983516,0.5,29,False
29-1125.00,11.0,0.3181818181818182,0.3214121732666125,0.8508642289005679,0.45454545454545453,29,False
29-1126.00,22.0,0.20454545454545456,0.3254050241653717,0.7426185503291656,0.6818181818181818,29,False
29-1127.00,24.0,0.4583333333333333,0.32004773949452536,0.8734790278701755,0.25,29,False
29-1128.00,25.0,0.26,0.28705400188814645,0.7555242623065813,0.52,29,False
29-1129.01,25.0,0.3,0.282842712474619,0.7555242623065813,0.44,29,False
29-1129.02,30.0,0.43333333333333335,0.3091206165165234,0.8443536850036222,0.26666666666666666,29,False
29-1131.00,23.0,0.2826086956521739,0.3239057483858987,0.836477065293406,0.5217391304347826,29,False
29-1141.00,27.0,0.3333333333333333,0.2721655269759087,0.7282023343901065,0.37037037037037035,29,False
29-1141.01,27.0,0.3148148148148148,0.27715980642769933,0.7413390912646508,0.4074074074074074,29,False
29-1141.02,24.0,0.4583333333333333,0.24650332429581734,0.6567045482143385,0.16666666666666666,29,False
29-1141.03,29.0,0.3448275862068966,0.32439461590046165,0.8659846443873765,0.41379310344827586,29,False
29-1141.04,30.0,0.45,0.2362907813126304,0.6215741674447584,0.16666666666666666,29,False
29-1151.00,24.0,0.16666666666666666,0.23570226039551584,0.5793801642856949,0.6666666666666666,29,False
29-1161.00,21.0,0.38095238095238093,0.3749527559053243,0.9526841246715821,0.42857142857142855,29,False
29-1171.00,27.0,0.48148148148148145,0.16563466499998442,0.3818962309523018,0.07407407407407407,29,False
29-1181.00,22.0,0.45454545454545453,0.2980653874682727,0.8156200630405976,0.22727272727272727,29,False
29-1211.00,18.0,0.25,0.25,0.6309297535714574,0.5,29,False
29-1212.00,26.0,0.34615384615384615,0.23076923076923075,0.5618376711211266,0.3076923076923077,29,False
29-1213.00,18.0,0.3888888888888889,0.20786985482077452,0.482159360969681,0.2222222222222222,29,False
29-1214.00,17.0,0.4411764705882353,0.23529411764705882,0.6170591141539598,0.17647058823529413,29,False
29-1215.00,13.0,0.4230769230769231,0.18040060614705497,0.39078665545522084,0.15384615384615385,29,False
29-1216.00,19.0,0.4473684210526316,0.15344610249592897,0.30629163814603133,0.10526315789473684,29,False
29-1217.00,24.0,0.4375,0.2194927865177654,0.560698787620506,0.16666666666666666,29,False
29-1218.00,15.0,0.4,0.20000000000000004,0.4554859150035952,0.2,29,False
29-1221.00,17.0,0.47058823529411764,0.11764705882352942,0.2036369685406085,0.058823529411764705,29,False
29-1222.00,19.0,0.4473684210526316,0.22329687826943603,0.5762173955216959,0.15789473684210525,29,False
29-1223.00,12.0,0.4583333333333333,0.24650332429581734,0.6567045482143385,0.16666666666666666,29,False
29-1224.00,30.0,0.48333333333333334,0.08975274678557506,0.13302668058241068,0.03333333333333333,29,False
29-1229.01,16.0,0.46875,0.32923917977664807,0.895754137500101,0.25,29,False
29-1229.02,14.0,0.5714285714285714,0.25753937681885636,0.6908140210976049,0.07142857142857142,29,False
29-1229.03,14.0,0.35714285714285715,0.29450754468697576,0.797374810639693,0.35714285714285715,29,False
29-1229.04,15.0,0.26666666666666666,0.3091206165165235,0.8031140135750122,0.5333333333333333,29,False
29-1229.05,15.0,0.4666666666666667,0.12472191289246473,0.2229449181672394,0.06666666666666667,29,False
29-1229.06,27.0,0.3888888888888889,0.28327886186626583,0.7686849523473512,0.2962962962962963,29,False
29-1241.00,18.0,0.4166666666666667,0.25,0.6643316545871261,0.2222222222222222,29,False
29-1242.00,15.0,0.3333333333333333,0.2981423969999719,0.8031140135750122,0.4,29,False
29-1243.00,18.0,0.3611111111111111,0.3251305530755451,0.8720094340562979,0.3888888888888889,29,False
29-1291.00,18.0,0.16666666666666666,0.37267799624996495,0.41011848630651804,0.8333333333333334,29,False
29-1292.00,18.0,0.16666666666666666,0.28867513459481287,0.6643316545871261,0.7222222222222222,29,False
29-1299.01,20.0,0.45,0.35000000000000003,0.9372305632161295,0.3,29,False
29-1299.02,16.0,0.53125,0.27775607554111215,0.7567751872715525,0.125,29,False
29-2011.00,16.0,0.21875,0.3045873232752801,0.7559752426306122,0.625,29,False
29-2011.01,30.0,0.4166666666666667,0.36704525909242064,0.9576983409673656,0.36666666666666664,29,False
29-2011.02,13.0,0.4230769230769231,0.3308586641170241,0.895640305638598,0.3076923076923077,29,False
29-2011.04,16.0,0.28125,0.3521696146745201,0.8620485698650452,0.5625,29,False
29-2012.00,15.0,0.23333333333333334,0.24944382578492943,0.6289054987282648,0.5333333333333333,29,False
29-2012.01,8.0,0.125,0.21650635094610965,0.5118595071429147,0.75,29,False
29-2031.00,25.0,0.4,0.31622776601683794,0.8590373164768424,0.32,29,False
29-2032.00,20.0,0.3,0.33166247903553997,0.8586727110732548,0.5,29,False
29-2033.00,17.0,0.29411764705882354,0.2999423243289873,0.7974532071960978,0.47058823529411764,29,False
29-2034.00,30.0,0.38333333333333336,0.21147629234082532,0.4945081963315115,0.23333333333333334,29,False
29-2035.00,23.0,0.32608695652173914,0.28008910275489407,0.7518181887591273,0.391304347826087,29,False
29-2036.00,20.0,0.45,0.3122498999199199,0.8534739433956112,0.25,29,False
29-2042.00,12.0,0.20833333333333334,0.37960139913101243,0.6567045482143385,0.75,29,False
29-2043.00,13.0,0.15384615384615385,0.3028464566927619,0.625418115623811,0.7692307692307693,29,False
29-2051.00,13.0,0.5384615384615384,0.23709284626803753,0.625418115623811,0.07692307692307693,29,False
29-2052.00,21.0,0.40476190476190477,0.4259177099999599,0.9584114221179828,0.47619047619047616,29,False
29-2053.00,16.0,0.125,0.21650635094610965,0.5118595071429147,0.75,29,False
29-2055.00,16.0,0.09375,0.2633171804117612,0.42181719939456,0.875,29,False
29-2056.00,31.0,0.16129032258064516,0.29476882068543653,0.6518600468319214,0.7419354838709677,29,False
29-2057.00,20.0,0.325,0.2861380785564899,0.7692552373208171,0.4,29,False
29-2061.00,23.0,0.2391304347826087,0.3253615118933862,0.7979196219596977,0.6086956521739131,29,False
29-2072.00,17.0,0.6176470588235294,0.21209125149788172,0.4966215830615091,0.0,29,False
29-2081.00,21.0,0.2857142857142857,0.32991443953692906,0.8467954006879264,0.5238095238095238,29,False
29-2091.00,15.0,0.3,0.4,0.8649735207179272,0.6,29,False
29-2092.00,11.0,0.22727272727272727,0.24896479886598458,0.6271632363697399,0.5454545454545454,29,False
29-2099.01,16.0,0.34375,0.2914805954090255,0.7871203566965331,0.375,29,False
29-2099.05,31.0,0.3709677419354839,0.25297398615093747,0.6678105433089546,0.2903225806451613,29,False
29-2099.08,13.0,0.5,0.19611613513818404,0.4878527713892913,0.07692307692307693,29,False
29-9021.00,16.0,0.65625,0.23175620272173947,0.5653371812436325,0.0,29,False
29-9091.00,23.0,0.30434782608695654,0.3532190610711287,0.8851529531815773,0.5217391304347826,29,False
29-9092.00,19.0,0.5,0.22941573387056177,0.6012848158224418,0.10526315789473684,29,False
29-9093.00,28.0,0.03571428571428571,0.12876968840942818,0.23422152036528646,0.9285714285714286,29,False
29-9099.01,36.0,0.3888888888888889,0.35572912430182496,0.9342064019134054,0.3888888888888889,29,False
31-1121.00,15.0,0.06666666666666667,0.24944382578492946,0.2229449181672394,0.9333333333333333,31,False
31-1122.00,11.0,0.22727272727272727,0.39101478486557395,0.6913698302025114,0.7272727272727273,31,False
31-1131.00,33.0,0.10606060606060606,0.26848553252529317,0.47996892398764246,0.8484848484848485,31,False
31-1132.00,24.0,0.0,0.0,0.0,1.0,31,False
31-1133.00,17.0,0.17647058823529413,0.3812200410828153,0.42417080326490025,0.8235294117647058,31,False
31-2011.00,22.0,0.2727272727272727,0.39101478486557395,0.8260742242427029,0.6363636363636364,31,False
31-2012.00,15.0,0.23333333333333334,0.4027681991198191,0.6643574057122258,0.7333333333333333,31,False
31-2021.00,21.0,0.14285714285714285,0.3140691894826885,0.5633841440162103,0.8095238095238095,31,False
31-2022.00,19.0,0.15789473684210525,0.3265703591050225,0.6012848158224418,0.7894736842105263,31,False
31-9011.00,14.0,0.07142857142857142,0.25753937681885636,0.23422152036528646,0.9285714285714286,31,False
31-9091.00,16.0,0.25,0.3535533905932738,0.8194483718728035,0.625,31,False
31-9092.00,20.0,0.375,0.3832427429188973,0.9545258142257613,0.45,31,False
31-9093.00,16.0,0.09375,0.2633171804117612,0.42181719939456,0.875,31,False
31-9094.00,15.0,0.8666666666666667,0.2867441755680875,0.5713619478607342,0.06666666666666667,31,False
31-9095.00,17.0,0.4411764705882353,0.4159451654038515,0.9878171319090818,0.4117647058823529,31,False
31-9096.00,28.0,0.21428571428571427,0.33881546358946923,0.7578064046218415,0.6785714285714286,31,False
31-9097.00,24.0,0.16666666666666666,0.34359213546813844,0.5934312260133704,0.7916666666666666,31,False
31-9099.01,11.0,0.5454545454545454,0.3340213285613424,0.9056185178648962,0.18181818181818182,31,False
31-9099.02,12.0,0.125,0.2975595178559521,0.5152734452350943,0.8333333333333334,31,False
33-1011.00,23.0,0.2826086956521739,0.4124709991523973,0.7975511165325084,0.6521739130434783,33,False
33-1012.00,20.0,0.325,0.3269174207655505,0.8637400525036962,0.45,33,False
33-1021.00,30.0,0.43333333333333335,0.3815174380753199,0.9775612057917027,0.36666666666666664,33,False
33-1091.00,21.0,0.40476190476190477,0.3969840952507873,0.9748830897462036,0.42857142857142855,33,False
33-2011.00,30.0,0.13333333333333333,0.3144660377352202,0.5122187561880754,0.8333333333333334,33,False
33-2021.00,30.0,0.2833333333333333,0.35784850922639816,0.8662775835448752,0.5666666666666667,33,False
33-2022.00,16.0,0.21875,0.3521696146745201,0.7567751872715525,0.6875,33,False
33-3011.00,15.0,0.06666666666666667,0.24944382578492943,0.2229449181672394,0.9333333333333333,33,False
33-3012.00,26.0,0.25,0.39831375340784575,0.7471240742797937,0.6923076923076923,33,False
33-3021.00,30.0,0.31666666666666665,0.32871804872193366,0.8631780479091637,0.4666666666666667,33,False
33-3021.02,15.0,0.3333333333333333,0.2981423969999719,0.8031140135750122,0.4,33,False
33-3021.06,20.0,0.525,0.1920286436967152,0.4716734178155153,0.05,33,False
33-3031.00,24.0,0.2708333333333333,0.3220755173695897,0.825573124868988,0.5416666666666666,33,False
33-3041.00,23.0,0.30434782608695654,0.38275688829693505,0.8895131213678054,0.5652173913043478,33,False
33-3051.00,30.0,0.25,0.30956959368344517,0.792155476756316,0.5666666666666667,33,False
33-3051.04,11.0,0.45454545454545453,0.3962635403218793,0.992215060722018,0.36363636363636365,33,False
33-3052.00,14.0,0.25,0.31339158526400435,0.797374810639693,0.5714285714285714,33,False
33-9011.00,16.0,0.34375,0.42274216432714634,0.895754137500101,0.5625,33,False
33-9021.00,17.0,0.35294117647058826,0.28515763867154875,0.7703953782024133,0.35294117647058826,33,False
33-9031.00,8.0,0.4375,0.3903123748998999,0.9850568223215079,0.375,33,False
33-9032.00,14.0,0.14285714285714285,0.34992710611188266,0.37330396038588726,0.8571428571428571,33,False
33-9091.00,12.0,0.125,0.2975595178559521,0.5152734452350943,0.8333333333333334,33,False
33-9092.00,15.0,0.06666666666666667,0.24944382578492946,0.2229449181672394,0.9333333333333333,33,False
33-9093.00,26.0,0.2692307692307692,0.24925925763107157,0.6282340759682773,0.46153846153846156,33,False
33-9094.00,18.0,0.16666666666666666,0.372677996249965,0.41011848630651804,0.8333333333333334,33,False
33-9099.02,21.0,0.38095238095238093,0.3049106779729928,0.8282494712096198,0.3333333333333333,33,False
35-1011.00,21.0,0.2619047619047619,0.33162829231390756,0.8282494712096198,0.5714285714285714,35,False
35-1012.00,26.0,0.5,0.31008683647302115,0.8491380639768444,0.19230769230769232,35,False
35-2011.00,19.0,0.0,0.0,0.0,1.0,35,False
35-2012.00,17.0,0.17647058823529413,0.29411764705882354,0.6853870929104106,0.7058823529411765,35,False
35-2013.00,13.0,0.23076923076923078,0.3728984505704869,0.7559699029892673,0.6923076923076923,35,False
35-2014.00,20.0,0.125,0.2680951323690902,0.5578578164321781,0.8,35,False
35-2015.00,11.0,0.0,0.0,0.0,1.0,35,False
35-2021.00,31.0,0.04838709677419355,0.19488783828378345,0.2584499278631691,0.9354838709677419,35,False
35-3011.00,20.0,0.2,0.33166247903554,0.7298466991620975,0.7,35,False
35-3023.00,28.0,0.08928571428571429,0.23351244340396465,0.4464267471205894,0.8571428571428571,35,False
35-3023.01,19.0,0.13157894736842105,0.31797489404196244,0.48849313631394414,0.8421052631578947,35,False
35-3031.00,25.0,0.18,0.3124099870362662,0.6922085344351029,0.72,35,False
35-3041.00,14.0,0.14285714285714285,0.2945075446869758,0.5970948432879916,0.7857142857142857,35,False
35-9011.00,24.0,0.0,0.0,0.0,1.0,35,False
35-9021.00,13.0,0.0,0.0,0.0,1.0,35,False
35-9031.00,22.0,0.25,0.2919371040605711,0.7616647246830964,0.5454545454545454,35,False
37-1011.00,26.0,0.2692307692307692,0.3728984505704869,0.842088781560647,0.6153846153846154,37,False
37-1012.00,28.0,0.35714285714285715,0.34992710611188255,0.914100892018565,0.42857142857142855,37,False
37-2011.00,23.0,0.0,0.0,0.0,1.0,37,False
37-2012.00,25.0,0.0,0.0,0.0,1.0,37,False
37-2021.00,15.0,0.2,0.3559026084010437,0.6961094714265039,0.7333333333333333,37,False
37-3011.00,27.0,0.037037037037037035,0.13094570021973104,0.24035053544298982,0.9259259259259259,37,False
37-3012.00,10.0,0.05,0.15000000000000002,0.29590327428938457,0.9,37,False
37-3013.00,26.0,0.057692307692307696,0.2115384615384615,0.29538026315406024,0.9230769230769231,37,False
39-1013.00,30.0,0.45,0.41533119314590383,0.9911594714322187,0.4,39,False
39-1014.00,19.0,0.3684210526315789,0.35696473595396144,0.9283213239079566,0.42105263157894735,39,False
39-1022.00,17.0,0.4411764705882353,0.291161615782696,0.7954584372331485,0.23529411764705882,39,False
39-2011.00,19.0,0.07894736842105263,0.24404259198672906,0.37270529641671113,0.8947368421052632,39,False
39-2021.00,22.0,0.22727272727272727,0.3607842696906259,0.7671316904273878,0.6818181818181818,39,False
39-3011.00,21.0,0.14285714285714285,0.3499271061118826,0.37330396038588726,0.8571428571428571,39,False
39-3012.00,22.0,0.25,0.41968602983225883,0.6452075543900085,0.7272727272727273,39,False
39-3021.00,22.0,0.20454545454545456,0.3254050241653717,0.7426185503291656,0.6818181818181818,39,False
39-3031.00,23.0,0.15217391304347827,0.3437258326269978,0.5095831638663089,0.8260869565217391,39,False
39-3091.00,19.0,0.18421052631578946,0.3702959810386917,0.5762173955216959,0.7894736842105263,39,False
39-3092.00,21.0,0.23809523809523808,0.33162829231390756,0.7998739500319952,0.6190476190476191,39,False
39-3093.00,23.0,0.043478260869565216,0.20393111999232305,0.16279165503752754,0.9565217391304348,39,False
39-4011.00,26.0,0.038461538461538464,0.1923076923076923,0.1483905024328517,0.9615384615384616,39,False
39-4012.00,12.0,0.041666666666666664,0.13819269959814165,0.2610893633857883,0.9166666666666666,39,False
39-4021.00,26.0,0.23076923076923078,0.42132504423474315,0.4917150007886506,0.7692307692307693,39,False
39-4031.00,22.0,0.1590909090909091,0.31573736339658637,0.627079355810753,0.7727272727272727,39,False
39-5011.00,20.0,0.175,0.3269174207655505,0.6650099119652508,0.75,39,False
39-5012.00,23.0,0.06521739130434782,0.22381804654319573,0.3237837983572333,0.9130434782608695,39,False
39-5091.00,21.0,0.3333333333333333,0.2817180849095055,0.7576900267123767,0.38095238095238093,39,False
39-5092.00,18.0,0.08333333333333333,0.24999999999999997,0.3876239630951644,0.8888888888888888,39,False
39-5094.00,18.0,0.19444444444444445,0.29528182813151804,0.7160863263878677,0.6666666666666666,39,False
39-6011.00,17.0,0.20588235294117646,0.3455100036609039,0.7315975941709251,0.7058823529411765,39,False
39-6012.00,16.0,0.4375,0.29973947020704494,0.8194483718728035,0.25,39,False
39-7011.00,19.0,0.23684210526315788,0.3758646541338342,0.7669160827649908,0.6842105263157895,39,False
39-7012.00,17.0,0.35294117647058826,0.37435064886346636,0.9360847109776409,0.47058823529411764,39,False
39-9011.00,25.0,0.16,0.3382306905057552,0.578006238861464,0.8,39,False
39-9011.01,19.0,0.13157894736842105,0.31797489404196244,0.48849313631394414,0.8421052631578947,39,False
39-9031.00,22.0,0.022727272727272728,0.10414944761263274,0.16830996801605605,0.9545454545454546,39,False
39-9032.00,24.0,0.25,0.3535533905932738,0.8194483718728035,0.625,39,False
39-9041.00,30.0,0.23333333333333334,0.33499585403736304,0.7937350272428476,0.6333333333333333,39,False
41-1011.00,21.0,0.5,0.21821789023599236,0.5633841440162103,0.09523809523809523,41,False
41-1012.00,18.0,0.5277777777777778,0.2022252747022366,0.5066818470208007,0.05555555555555555,41,False
41-2011.00,29.0,0.2413793103448276,0.3855289616378948,0.7578390214424511,0.6896551724137931,41,False
41-2012.00,15.0,0.23333333333333334,0.4027681991198191,0.6643574057122258,0.7333333333333333,41,False
41-2021.00,16.0,0.53125,0.32923917977664807,0.895754137500101,0.1875,41,False
41-2022.00,19.0,0.3157894736842105,0.3702959810386918,0.9041116874399232,0.5263157894736842,41,False
41-2031.00,24.0,0.375,0.33071891388307384,0.8868595071429147,0.375,41,False
41-3011.00,20.0,0.55,0.2692582403567252,0.7298466991620975,0.1,41,False
41-3021.00,19.0,0.5789473684210527,0.18232113763882918,0.39701205774251874,0.0,41,False
41-3031.00,30.0,0.6,0.2,0.4554859150035952,0.0,41,False
41-3041.00,8.0,0.5625,0.16535945694153692,0.34295098019812775,0.0,41,False
41-3091.00,15.0,0.6333333333333333,0.28674417556808757,0.7766490138119515,0.06666666666666667,41,False
41-4011.00,36.0,0.5277777777777778,0.23405971592156552,0.6159773188064962,0.08333333333333333,41,False
41-4011.07,13.0,0.46153846153846156,0.13323467750529824,0.24684720518702505,0.07692307692307693,41,False
41-4012.00,19.0,0.6052631578947368,0.20384122874775878,0.4684574992810823,0.0,41,False
41-9011.00,24.0,0.16666666666666666,0.31180478223116176,0.6567045482143385,0.75,41,False
41-9012.00,14.0,0.25,0.36596252735569995,0.8120406807941001,0.6428571428571429,41,False
41-9021.00,19.0,0.5,0.0,0.0,0.0,41,False
41-9022.00,33.0,0.4393939393939394,0.1631868123374092,0.3361814950144145,0.12121212121212122,41,False
41-9031.00,25.0,0.52,0.2638181191654584,0.7137800977215386,0.12,41,False
41-9041.00,12.0,0.7916666666666666,0.24650332429581734,0.6182283531662821,0.0,41,False
41-9091.00,12.0,0.25,0.3818813079129867,0.7896900821428475,0.6666666666666666,41,False
43-1011.00,29.0,0.4827586206896552,0.20689655172413787,0.5240515878248747,0.10344827586206896,43,True
43-2011.00,19.0,0.631578947368421,0.4243293551736079,0.9258628921382099,0.2631578947368421,43,True
43-2021.00,16.0,0.90625,0.2633171804117612,0.42181719939455997,0.0625,43,True
43-3011.00,15.0,0.7,0.24494897427831785,0.6126016192893442,0.0,43,True
43-3021.00,30.0,0.7833333333333333,0.3578485092263981,0.7436224621376791,0.13333333333333333,43,True
43-3031.00,30.0,0.7833333333333333,0.2477678124553084,0.6228145927257203,0.0,43,True
43-3041.00,17.0,0.4411764705882353,0.4814913395219088,0.7907427323313919,0.5294117647058824,43,True
43-3051.00,22.0,0.8409090909090909,0.23288524468089997,0.5693467715383744,0.0,43,True
43-3061.00,19.0,0.6052631578947368,0.26051302464767545,0.6971862088918521,0.05263157894736842,43,True
43-3071.00,29.0,0.5862068965517241,0.37298806297903336,0.9637642578958612,0.20689655172413793,43,True
43-4011.00,10.0,0.7,0.24494897427831783,0.6126016192893442,0.0,43,True
43-4021.00,21.0,0.9523809523809523,0.21295885499997996,0.1742599131034775,0.047619047619047616,43,True
43-4031.00,30.0,0.6833333333333333,0.2733536577809454,0.7297817149734311,0.03333333333333333,43,True
43-4041.00,16.0,0.65625,0.2914805954090255,0.7871203566965331,0.0625,43,True
43-4051.00,15.0,0.5666666666666667,0.1699673171197595,0.3574277033653125,0.0,43,True
43-4061.00,17.0,0.6764705882352942,0.29411764705882354,0.7907427323313919,0.058823529411764705,43,True
43-4071.00,19.0,0.7631578947368421,0.3390552296506612,0.7996680068017685,0.10526315789473684,43,True
43-4081.00,20.0,0.5,0.31622776601683794,0.8649735207179272,0.2,43,True
43-4111.00,17.0,0.6470588235294118,0.37435064886346636,0.9360847109776409,0.17647058823529413,43,True
43-4121.00,33.0,0.5303030303030303,0.3880681356019908,0.9899138090007492,0.2727272727272727,43,True
43-4131.00,18.0,0.5833333333333334,0.18633899812498245,0.41011848630651804,0.0,43,True
43-4141.00,15.0,0.5666666666666667,0.30912061651652345,0.8443536850036222,0.13333333333333333,43,True
43-4151.00,19.0,0.7105263157894737,0.24686398735912787,0.619535658677928,0.0,43,True
43-4161.00,19.0,0.6052631578947368,0.2605130246476754,0.6971862088918521,0.05263157894736842,43,True
43-4171.00,19.0,0.5263157894736842,0.3023454024493699,0.8280516427049733,0.15789473684210525,43,True
43-4181.00,21.0,0.4523809523809524,0.26298478612350623,0.7101056374241135,0.19047619047619047,43,True
43-5011.00,24.0,0.3958333333333333,0.38131260870256517,0.9642934129442272,0.4166666666666667,43,True
43-5011.01,31.0,0.5806451612903226,0.18389926211276417,0.40214673781378446,0.0,43,True
43-5021.00,17.0,0.29411764705882354,0.42213823807080364,0.7954584372331485,0.6470588235294118,43,True
43-5031.00,18.0,0.6388888888888888,0.3251305530755451,0.8720094340562979,0.1111111111111111,43,True
43-5032.00,13.0,0.6538461538461539,0.23076923076923078,0.5618376711211266,0.0,43,True
43-5041.00,13.0,0.4230769230769231,0.4317296984739163,0.9629470156266076,0.46153846153846156,43,True
43-5051.00,21.0,0.3333333333333333,0.35634832254989923,0.9092748525610018,0.47619047619047616,43,True
43-5052.00,22.0,0.25,0.41968602983225883,0.6452075543900085,0.7272727272727273,43,True
43-5053.00,17.0,0.11764705882352941,0.32218973970892123,0.3296982574030469,0.8823529411764706,43,True
43-5061.00,17.0,0.6176470588235294,0.2727534851616384,0.735719021475792,0.058823529411764705,43,True
43-5071.00,11.0,0.5,0.3692744729379982,0.9713067383178074,0.2727272727272727,43,True
43-5111.00,22.0,0.3409090909090909,0.40972173584818067,0.9139494879931296,0.5454545454545454,43,True
43-6011.00,22.0,0.6363636363636364,0.308287726505694,0.8342022886441013,0.09090909090909091,43,True
43-6012.00,14.0,0.6785714285714286,0.23957871187497742,0.5932543881907628,0.0,43,True
43-6013.00,16.0,0.6875,0.24206145913796356,0.6021808102656678,0.0,43,True
43-6014.00,32.0,0.625,0.30618621784789724,0.8307119775644198,0.09375,43,True
43-9021.00,9.0,0.8333333333333334,0.3333333333333333,0.6223659728744494,0.1111111111111111,43,True
43-9022.00,20.0,0.75,0.4031128874149275,0.7298466991620975,0.2,43,True
43-9031.00,18.0,0.6388888888888888,0.2791632116978025,0.7534397398762205,0.05555555555555555,43,True
43-9041.00,27.0,0.8333333333333334,0.2357022603955158,0.5793801642856949,0.0,43,True
43-9051.00,29.0,0.2413793103448276,0.36247924209704546,0.7976051012250923,0.6551724137931034,43,True
43-9061.00,21.0,0.5714285714285714,0.3868589716493314,0.980315378922394,0.23809523809523808,43,True
43-9071.00,18.0,0.3888888888888889,0.42673031932603384,0.9435794406736076,0.5,43,True
43-9081.00,11.0,0.9545454545454546,0.14373989364401724,0.27729172565378846,0.0,43,True
43-9111.00,14.0,0.8214285714285714,0.30514299090419755,0.6908140210976048,0.07142857142857142,43,True
45-1011.00,30.0,0.2833333333333333,0.3578485092263981,0.8662775835448752,0.5666666666666667,45,False
45-2011.00,22.0,0.29545454545454547,0.3254050241653717,0.8467198543870302,0.5,45,False
45-2021.00,24.0,0.14583333333333334,0.3054766312211496,0.5934312260133704,0.7916666666666666,45,False
45-2041.00,6.0,0.16666666666666666,0.37267799624996495,0.41011848630651804,0.8333333333333334,45,False
45-2091.00,17.0,0.0,0.0,0.0,1.0,45,False
45-2092.00,30.0,0.15,0.2929732638541157,0.6215741674447584,0.7666666666666667,45,False
45-2093.00,22.0,0.06818181818181818,0.1715871462561534,0.3625547592300895,0.8636363636363636,45,False
45-3031.00,30.0,0.05,0.15000000000000002,0.29590327428938457,0.9,45,False
45-4011.00,21.0,0.047619047619047616,0.21295885499998,0.1742599131034775,0.9523809523809523,45,False
45-4021.00,19.0,0.02631578947368421,0.11164843913471803,0.18768409270499467,0.9473684210526315,45,False
45-4022.00,9.0,0.2222222222222222,0.41573970964154905,0.482159360969681,0.7777777777777778,45,False
45-4023.00,13.0,0.15384615384615385,0.23076923076923078,0.5618376711211266,0.6923076923076923,45,False
47-1011.00,15.0,0.4,0.27080128015453203,0.7312088026202268,0.26666666666666666,47,False
47-1011.03,15.0,0.43333333333333335,0.1699673171197595,0.3574277033653125,0.13333333333333333,47,False
47-2011.00,17.0,0.029411764705882353,0.11764705882352942,0.2036369685406085,0.9411764705882353,47,False
47-2021.00,14.0,0.03571428571428571,0.12876968840942818,0.23422152036528646,0.9285714285714286,47,False
47-2022.00,17.0,0.0,0.0,0.0,1.0,47,False
47-2031.00,29.0,0.13793103448275862,0.25919476514436046,0.5931648710702541,0.7586206896551724,47,False
47-2041.00,16.0,0.0625,0.16535945694153692,0.34295098019812775,0.875,47,False
47-2042.00,14.0,0.0,0.0,0.0,1.0,47,False
47-2043.00,7.0,0.07142857142857142,0.17496355305594133,0.37330396038588726,0.8571428571428571,47,False
47-2044.00,25.0,0.1,0.24494897427831783,0.4821022921402596,0.84,47,False
47-2051.00,26.0,0.0,0.0,0.0,1.0,47,False
47-2053.00,26.0,0.0,0.0,0.0,1.0,47,False
47-2061.00,32.0,0.03125,0.12103072956898178,0.212806338612773,0.9375,47,False
47-2071.00,20.0,0.0,0.0,0.0,1.0,47,False
47-2072.00,5.0,0.0,0.0,0.0,1.0,47,False
47-2073.00,28.0,0.05357142857142857,0.20438434182606424,0.27928793133467616,0.9285714285714286,47,False
47-2081.00,26.0,0.038461538461538464,0.13323467750529827,0.24684720518702505,0.9230769230769231,47,False
47-2082.00,16.0,0.0,0.0,0.0,1.0,47,False
47-2111.00,21.0,0.14285714285714285,0.3140691894826885,0.5633841440162103,0.8095238095238095,47,False
47-2121.00,27.0,0.09259259259259259,0.19422386077225032,0.43615534695063934,0.8148148148148148,47,False
47-2131.00,10.0,0.05,0.15000000000000002,0.29590327428938457,0.9,47,False
47-2132.00,13.0,0.038461538461538464,0.13323467750529827,0.24684720518702505,0.9230769230769231,47,False
47-2141.00,19.0,0.05263157894736842,0.22329687826943606,0.18768409270499467,0.9473684210526315,47,False
47-2142.00,20.0,0.025,0.10897247358851682,0.18069636157678548,0.95,47,False
47-2151.00,14.0,0.03571428571428571,0.12876968840942818,0.23422152036528646,0.9285714285714286,47,False
47-2152.00,30.0,0.1,0.23804761428476168,0.4860328054737839,0.8333333333333334,47,False
47-2152.04,21.0,0.047619047619047616,0.14677176197545183,0.2862631380745629,0.9047619047619048,47,False
47-2161.00,15.0,0.06666666666666667,0.24944382578492946,0.2229449181672394,0.9333333333333333,47,False
47-2171.00,7.0,0.07142857142857142,0.17496355305594133,0.37330396038588726,0.8571428571428571,47,False
47-2181.00,28.0,0.03571428571428571,0.12876968840942818,0.23422152036528646,0.9285714285714286,47,False
47-2211.00,24.0,0.0625,0.16535945694153692,0.34295098019812775,0.875,47,False
47-2221.00,20.0,0.025,0.10897247358851682,0.18069636157678548,0.95,47,False
47-2231.00,26.0,0.11538461538461539,0.21066252211737158,0.4917150007886506,0.7692307692307693,47,False
47-3011.00,15.0,0.0,0.0,0.0,1.0,47,False
47-3012.00,18.0,0.0,0.0,0.0,1.0,47,False
47-3013.00,24.0,0.041666666666666664,0.19982631347136331,0.15765817343911243,0.9583333333333334,47,False
47-3014.00,11.0,0.0,0.0,0.0,1.0,47,False
47-3015.00,15.0,0.0,0.0,0.0,1.0,47,False
47-3016.00,18.0,0.0,0.0,0.0,1.0,47,False
47-4011.00,19.0,0.2631578947368421,0.24965349948697732,0.6296684517256466,0.47368421052631576,47,False
47-4011.01,21.0,0.42857142857142855,0.17496355305594127,0.37330396038588726,0.14285714285714285,47,False
47-4021.00,20.0,0.175,0.36314597615834876,0.5578578164321782,0.8,47,False
47-4031.00,20.0,0.05,0.21794494717703364,0.18069636157678548,0.95,47,False
47-4041.00,21.0,0.09523809523809523,0.24971639242146462,0.4560725552838438,0.8571428571428571,47,False
47-4051.00,19.0,0.02631578947368421,0.11164843913471803,0.18768409270499467,0.9473684210526315,47,False
47-4061.00,26.0,0.0,0.0,0.0,1.0,47,False
47-4071.00,22.0,0.06818181818181818,0.22840626411638387,0.3346489759784663,0.9090909090909091,47,False
47-4091.00,12.0,0.041666666666666664,0.13819269959814165,0.2610893633857883,0.9166666666666666,47,False
47-4099.03,20.0,0.2,0.3674234614174768,0.6650099119652508,0.75,47,False
47-5011.00,15.0,0.0,0.0,0.0,1.0,47,False
47-5012.00,22.0,0.045454545454545456,0.2082988952252655,0.16830996801605605,0.9545454545454546,47,False
47-5013.00,19.0,0.05263157894736842,0.22329687826943606,0.18768409270499467,0.9473684210526315,47,False
47-5022.00,16.0,0.0,0.0,0.0,1.0,47,False
47-5023.00,30.0,0.13333333333333333,0.2867441755680876,0.5713619478607342,0.8,47,False
47-5032.00,30.0,0.15,0.34520525295346627,0.4860328054737839,0.8333333333333334,47,False
47-5041.00,15.0,0.0,0.0,0.0,1.0,47,False
47-5043.00,14.0,0.0,0.0,0.0,1.0,47,False
47-5044.00,28.0,0.03571428571428571,0.1855768722395226,0.14024611344719423,0.9642857142857143,47,False
47-5051.00,9.0,0.05555555555555555,0.15713484026367722,0.31752065714278016,0.8888888888888888,47,False
47-5071.00,13.0,0.0,0.0,0.0,1.0,47,False
47-5081.00,14.0,0.0,0.0,0.0,1.0,47,False
49-1011.00,22.0,0.4318181818181818,0.22840626411638384,0.5913712412003556,0.18181818181818182,49,False
49-2011.00,25.0,0.36,0.4363484845854286,0.886884108997377,0.56,49,False
49-2021.00,30.0,0.08333333333333333,0.22669117514559073,0.4256756376510344,0.8666666666666667,49,False
49-2022.00,40.0,0.3,0.4301162633521313,0.7799302846668992,0.65,49,False
49-2091.00,13.0,0.2692307692307692,0.3728984505704869,0.842088781560647,0.6153846153846154,49,False
49-2092.00,39.0,0.08974358974358974,0.2743709558850345,0.3534968926579919,0.8974358974358975,49,False
49-2093.00,15.0,0.26666666666666666,0.40276819911981915,0.7835807040488098,0.6666666666666666,49,False
49-2094.00,20.0,0.325,0.39607448794387157,0.9077556599985014,0.55,49,False
49-2095.00,16.0,0.28125,0.39404750665370286,0.8387794678549644,0.625,49,False
49-2096.00,12.0,0.16666666666666666,0.3726779962499649,0.41011848630651804,0.8333333333333334,49,False
49-2097.00,11.0,0.22727272727272727,0.39101478486557395,0.6913698302025114,0.7272727272727273,49,False
49-2098.00,16.0,0.21875,0.3521696146745201,0.7567751872715525,0.6875,49,False
49-3011.00,38.0,0.13157894736842105,0.2965638860417012,0.5493450969352243,0.8157894736842105,49,False
49-3021.00,25.0,0.04,0.13564659966250536,0.2537468173658883,0.92,49,False
49-3022.00,18.0,0.0,0.0,0.0,1.0,49,False
49-3023.00,30.0,0.08333333333333333,0.22669117514559073,0.4256756376510344,0.8666666666666667,49,False
49-3031.00,26.0,0.0,0.0,0.0,1.0,49,False
49-3041.00,14.0,0.14285714285714285,0.3499271061118826,0.37330396038588726,0.8571428571428571,49,False
49-3042.00,20.0,0.1,0.25495097567963926,0.4716734178155153,0.85,49,False
49-3043.00,20.0,0.075,0.23848480035423641,0.3589962496465303,0.9,49,False
49-3051.00,13.0,0.07692307692307693,0.26646935501059654,0.24684720518702505,0.9230769230769231,49,False
49-3052.00,13.0,0.0,0.0,0.0,1.0,49,False
49-3053.00,14.0,0.17857142857142858,0.3589241293257461,0.5970948432879916,0.7857142857142857,49,False
49-3091.00,16.0,0.09375,0.19515618744994995,0.4392610297141856,0.8125,49,False
49-3092.00,17.0,0.058823529411764705,0.23529411764705885,0.2036369685406085,0.9411764705882353,49,False
49-3093.00,26.0,0.0,0.0,0.0,1.0,49,False
49-9011.00,25.0,0.12,0.2925747767665559,0.5011535315688264,0.84,49,False
49-9012.00,39.0,0.11538461538461539,0.2878197989826109,0.4878527713892913,0.8461538461538461,49,False
49-9021.00,30.0,0.1,0.270801280154532,0.44155167050817345,0.8666666666666667,49,False
49-9031.00,31.0,0.12903225806451613,0.2830633673352297,0.5593636130115008,0.8064516129032258,49,False
49-9041.00,16.0,0.28125,0.39404750665370286,0.8387794678549644,0.625,49,False
49-9043.00,18.0,0.1388888888888889,0.32513055307554517,0.5066818470208007,0.8333333333333334,49,False
49-9044.00,23.0,0.021739130434782608,0.10196555999616153,0.16279165503752754,0.9565217391304348,49,False
49-9045.00,16.0,0.0,0.0,0.0,1.0,49,False
49-9051.00,23.0,0.0,0.0,0.0,1.0,49,False
49-9052.00,20.0,0.05,0.21794494717703364,0.18069636157678548,0.95,49,False
49-9061.00,15.0,0.26666666666666666,0.3091206165165235,0.8031140135750122,0.5333333333333333,49,False
49-9062.00,19.0,0.2894736842105263,0.37401764219873407,0.8730854735266304,0.5789473684210527,49,False
49-9063.00,37.0,0.013513513513513514,0.08108108108108109,0.11309798613327453,0.972972972972973,49,False
49-9064.00,15.0,0.2,0.3559026084010437,0.6961094714265039,0.7333333333333333,49,False
49-9071.00,30.0,0.11666666666666667,0.24776781245530838,0.5375096122648988,0.8,49,False
49-9081.00,13.0,0.038461538461538464,0.13323467750529827,0.24684720518702505,0.9230769230769231,49,False
49-9091.00,19.0,0.3157894736842105,0.46482951928041294,0.5676751079529516,0.6842105263157895,49,False
49-9092.00,25.0,0.06,0.16248076809271922,0.3339895202861302,0.88,49,False
49-9094.00,14.0,0.07142857142857142,0.25753937681885636,0.23422152036528646,0.9285714285714286,49,False
49-9095.00,14.0,0.07142857142857142,0.25753937681885636,0.23422152036528646,0.9285714285714286,49,False
49-9096.00,14.0,0.0,0.0,0.0,1.0,49,False
49-9097.00,14.0,0.07142857142857142,0.25753937681885636,0.23422152036528646,0.9285714285714286,49,False
49-9098.00,16.0,0.03125,0.12103072956898178,0.212806338612773,0.9375,49,False
49-9099.01,24.0,0.16666666666666666,0.27638539919628335,0.6583346267480237,0.7083333333333334,49,False
51-1011.00,20.0,0.4,0.3391164991562634,0.9089460785096519,0.35,51,False
51-2011.00,30.0,0.016666666666666666,0.08975274678557504,0.13302668058241068,0.9666666666666667,51,False
51-2021.00,11.0,0.18181818181818182,0.38569460791993493,0.4315802016311458,0.8181818181818182,51,False
51-2022.00,17.0,0.11764705882352941,0.27275348516163833,0.5264143616682583,0.8235294117647058,51,False
51-2023.00,14.0,0.03571428571428571,0.12876968840942818,0.23422152036528646,0.9285714285714286,51,False
51-2031.00,12.0,0.08333333333333333,0.18633899812498245,0.41011848630651804,0.8333333333333334,51,False
51-2041.00,23.0,0.021739130434782608,0.10196555999616153,0.16279165503752754,0.9565217391304348,51,False
51-2051.00,16.0,0.03125,0.12103072956898178,0.212806338612773,0.9375,51,False
51-2061.00,17.0,0.08823529411764706,0.19061002054140766,0.42417080326490025,0.8235294117647058,51,False
51-2092.00,11.0,0.22727272727272727,0.39101478486557395,0.6913698302025114,0.7272727272727273,51,False
51-3011.00,18.0,0.2777777777777778,0.3808697000222802,0.8500031005905029,0.6111111111111112,51,False
51-3021.00,12.0,0.16666666666666666,0.31180478223116176,0.6567045482143385,0.75,51,False
51-3022.00,13.0,0.0,0.0,0.0,1.0,51,False
51-3023.00,15.0,0.0,0.0,0.0,1.0,51,False
51-3091.00,20.0,0.05,0.21794494717703364,0.18069636157678548,0.95,51,False
51-3092.00,25.0,0.1,0.282842712474619,0.40351514000041366,0.88,51,False
51-3093.00,17.0,0.11764705882352941,0.32218973970892123,0.3296982574030469,0.8823529411764706,51,False
51-4021.00,16.0,0.03125,0.12103072956898178,0.212806338612773,0.9375,51,False
51-4022.00,13.0,0.038461538461538464,0.13323467750529827,0.24684720518702505,0.9230769230769231,51,False
51-4023.00,19.0,0.15789473684210525,0.3265703591050225,0.6012848158224418,0.7894736842105263,51,False
51-4031.00,32.0,0.015625,0.08699631816921909,0.12657859363955404,0.96875,51,False
51-4032.00,17.0,0.029411764705882353,0.11764705882352942,0.2036369685406085,0.9411764705882353,51,False
51-4033.00,18.0,0.08333333333333333,0.24999999999999997,0.3876239630951644,0.8888888888888888,51,False
51-4034.00,16.0,0.15625,0.34089725358236606,0.5478948105177535,0.8125,51,False
51-4035.00,15.0,0.23333333333333334,0.4027681991198191,0.6643574057122258,0.7333333333333333,51,False
51-4041.00,29.0,0.20689655172413793,0.36001056927277764,0.7101828628164149,0.7241379310344828,51,False
51-4051.00,15.0,0.1,0.27080128015453203,0.44155167050817345,0.8666666666666667,51,False
51-4052.00,16.0,0.0,0.0,0.0,1.0,51,False
51-4061.00,16.0,0.15625,0.34089725358236606,0.5478948105177535,0.8125,51,False
51-4062.00,15.0,0.2,0.35590260840104376,0.6961094714265039,0.7333333333333333,51,False
51-4071.00,13.0,0.0,0.0,0.0,1.0,51,False
51-4072.00,33.0,0.07575757575757576,0.2174651529455655,0.3982250716377982,0.8787878787878788,51,False
51-4081.00,21.0,0.11904761904761904,0.3049106779729928,0.45607255528384366,0.8571428571428571,51,False
51-4111.00,17.0,0.20588235294117646,0.3455100036609039,0.7315975941709251,0.7058823529411765,51,False
51-4121.00,30.0,0.08333333333333333,0.2608745973749754,0.35384129071795406,0.9,51,False
51-4122.00,29.0,0.08620689655172414,0.26486709475409,0.36267617947985503,0.896551724137931,51,False
51-4191.00,26.0,0.15384615384615385,0.36080121229410994,0.39078665545522084,0.8461538461538461,51,False
51-4192.00,14.0,0.14285714285714285,0.22587697572631282,0.5445684476282007,0.7142857142857143,51,False
51-4193.00,38.0,0.07894736842105263,0.24404259198672906,0.37270529641671113,0.8947368421052632,51,False
51-4194.00,18.0,0.027777777777777776,0.1145307118227128,0.19530015947347854,0.9444444444444444,51,False
51-5111.00,25.0,0.44,0.21540659228538017,0.5465830980043143,0.16,51,False
51-5112.00,23.0,0.32608695652173914,0.4067018898667328,0.8974818754035069,0.5652173913043478,51,False
51-5113.00,26.0,0.07692307692307693,0.22754153011921605,0.3923778268231289,0.8846153846153846,51,False
51-6011.00,32.0,0.0625,0.2072890493972125,0.33751885165878304,0.90625,51,False
51-6021.00,28.0,0.017857142857142856,0.0927884361197613,0.14024611344719423,0.9642857142857143,51,False
51-6031.00,26.0,0.07692307692307693,0.227541530119216,0.3923778268231289,0.8846153846153846,51,False
51-6041.00,27.0,0.07407407407407407,0.17762338975232295,0.3818302176600779,0.8518518518518519,51,False
51-6042.00,19.0,0.05263157894736842,0.22329687826943606,0.18768409270499467,0.9473684210526315,51,False
51-6051.00,13.0,0.038461538461538464,0.13323467750529827,0.24684720518702505,0.9230769230769231,51,False
51-6052.00,22.0,0.09090909090909091,0.24478021850611378,0.44156114526904794,0.8636363636363636,51,False
51-6061.00,24.0,0.14583333333333334,0.3378598904213928,0.49542840416367057,0.8333333333333334,51,False
51-6062.00,18.0,0.16666666666666666,0.3333333333333333,0.6223659728744494,0.7777777777777778,51,False
51-6063.00,20.0,0.175,0.36314597615834876,0.5578578164321782,0.8,51,False
51-6064.00,24.0,0.08333333333333333,0.2763853991962833,0.2610893633857883,0.9166666666666666,51,False
51-6091.00,21.0,0.047619047619047616,0.21295885499998,0.1742599131034775,0.9523809523809523,51,False
51-6092.00,16.0,0.46875,0.27775607554111215,0.7567751872715525,0.1875,51,False
51-6093.00,22.0,0.22727272727272727,0.360784269690626,0.7671316904273878,0.6818181818181818,51,False
51-7011.00,20.0,0.175,0.32691742076555047,0.6650099119652508,0.75,51,False
51-7021.00,22.0,0.045454545454545456,0.1437398936440172,0.27729172565378846,0.9090909090909091,51,False
51-7031.00,14.0,0.14285714285714285,0.2945075446869758,0.5970948432879916,0.7857142857142857,51,False
51-7032.00,20.0,0.25,0.4031128874149275,0.7298466991620975,0.7,51,False
51-7041.00,24.0,0.0625,0.16535945694153692,0.34295098019812775,0.875,51,False
51-7042.00,26.0,0.07692307692307693,0.227541530119216,0.3923778268231289,0.8846153846153846,51,False
51-8011.00,20.0,0.3,0.36742346141747667,0.8870920155351287,0.55,51,False
51-8012.00,15.0,0.3333333333333333,0.29814239699997197,0.8031140135750122,0.4,51,False
51-8013.00,30.0,0.23333333333333334,0.334995854037363,0.7937350272428476,0.6333333333333333,51,False
51-8013.03,18.0,0.1388888888888889,0.2791632116978025,0.5959059181125509,0.7777777777777778,51,False
51-8013.04,21.0,0.09523809523809523,0.2935435239509036,0.2862631380745629,0.9047619047619048,51,False
51-8021.00,25.0,0.14,0.33226495451672294,0.4821022921402596,0.84,51,False
51-8031.00,8.0,0.125,0.33071891388307384,0.34295098019812775,0.875,51,False
51-8091.00,19.0,0.15789473684210525,0.2834297266912897,0.6444666452025871,0.7368421052631579,51,False
51-8092.00,19.0,0.07894736842105263,0.24404259198672906,0.37270529641671113,0.8947368421052632,51,False
51-8093.00,24.0,0.22916666666666666,0.3220755173695897,0.7829905706292982,0.625,51,False
51-8099.01,19.0,0.10526315789473684,0.20384122874775878,0.4684574992810823,0.7894736842105263,51,False
51-9011.00,23.0,0.15217391304347827,0.3104968881975152,0.6097630879642211,0.782608695652174,51,False
51-9012.00,21.0,0.11904761904761904,0.3049106779729928,0.45607255528384366,0.8571428571428571,51,False
51-9021.00,22.0,0.09090909090909091,0.2874797872880344,0.27729172565378846,0.9090909090909091,51,False
51-9022.00,20.0,0.05,0.21794494717703364,0.18069636157678548,0.95,51,False
51-9023.00,19.0,0.10526315789473684,0.3068922049918579,0.30629163814603133,0.8947368421052632,51,False
51-9031.00,18.0,0.0,0.0,0.0,1.0,51,False
51-9032.00,28.0,0.05357142857142857,0.20438434182606424,0.27928793133467616,0.9285714285714286,51,False
51-9041.00,28.0,0.07142857142857142,0.25753937681885636,0.23422152036528646,0.9285714285714286,51,False
51-9051.00,18.0,0.1111111111111111,0.3142696805273545,0.31752065714278016,0.8888888888888888,51,False
51-9061.00,32.0,0.40625,0.4038389994787527,0.9755307720176264,0.4375,51,False
51-9071.00,30.0,0.16666666666666666,0.2981423969999719,0.6643574057122259,0.7333333333333333,51,False
51-9071.06,22.0,0.18181818181818182,0.24052284646041724,0.5966452229439911,0.6363636363636364,51,False
51-9081.00,17.0,0.029411764705882353,0.11764705882352942,0.2036369685406085,0.9411764705882353,51,False
51-9082.00,15.0,0.13333333333333333,0.2867441755680875,0.5713619478607342,0.8,51,False
51-9083.00,18.0,0.08333333333333333,0.18633899812498247,0.41011848630651804,0.8333333333333334,51,False
51-9111.00,20.0,0.0,0.0,0.0,1.0,51,False
51-9123.00,13.0,0.0,0.0,0.0,1.0,51,False
51-9124.00,30.0,0.05,0.19790570145063194,0.2650069017386699,0.9333333333333333,51,False
51-9141.00,24.0,0.20833333333333334,0.37960139913101243,0.6567045482143385,0.75,51,False
51-9151.00,32.0,0.390625,0.27198273727389394,0.7340869478718877,0.28125,51,False
51-9161.00,27.0,0.25925925925925924,0.4165637733037774,0.7048084683610076,0.7037037037037037,51,False
51-9162.00,16.0,0.78125,0.3521696146745201,0.7567751872715525,0.125,51,False
51-9191.00,17.0,0.058823529411764705,0.23529411764705885,0.2036369685406085,0.9411764705882353,51,False
51-9192.00,11.0,0.09090909090909091,0.2874797872880344,0.27729172565378846,0.9090909090909091,51,False
51-9193.00,19.0,0.05263157894736842,0.22329687826943606,0.18768409270499467,0.9473684210526315,51,False
51-9194.00,30.0,0.11666666666666667,0.2114762923408253,0.4945081963315115,0.7666666666666667,51,False
51-9195.00,27.0,0.0,0.0,0.0,1.0,51,False
51-9195.03,16.0,0.09375,0.19515618744994995,0.4392610297141856,0.8125,51,False
51-9195.04,19.0,0.07894736842105263,0.24404259198672906,0.37270529641671113,0.8947368421052632,51,False
51-9195.05,24.0,0.08333333333333333,0.18633899812498247,0.41011848630651804,0.8333333333333334,51,False
51-9196.00,15.0,0.0,0.0,0.0,1.0,51,False
51-9197.00,23.0,0.021739130434782608,0.10196555999616153,0.16279165503752754,0.9565217391304348,51,False
51-9198.00,34.0,0.10294117647058823,0.26511406437235213,0.47017999090013707,0.8529411764705882,51,False
53-1041.00,6.0,0.3333333333333333,0.372677996249965,0.920619835714305,0.5,53,False
53-1042.00,24.0,0.25,0.3227486121839514,0.8080141510844469,0.5833333333333334,53,False
53-1042.01,23.0,0.391304347826087,0.3282536710987283,0.8851529531815773,0.34782608695652173,53,False
53-1043.00,22.0,0.36363636363636365,0.3431742925123068,0.906359331174966,0.4090909090909091,53,False
53-1044.00,19.0,0.2894736842105263,0.29539400421899537,0.7854070171411122,0.47368421052631576,53,False
53-2011.00,26.0,0.34615384615384615,0.302846456692762,0.8175195311866702,0.38461538461538464,53,False
53-2012.00,26.0,0.23076923076923078,0.34615384615384615,0.7876891493830052,0.6538461538461539,53,False
53-2021.00,23.0,0.34782608695652173,0.3104968881975152,0.836477065293406,0.391304347826087,53,False
53-2022.00,27.0,0.42592592592592593,0.324998681014523,0.8828016694423871,0.2962962962962963,53,False
53-2031.00,25.0,0.18,0.3709447398198282,0.5465830980043143,0.8,53,False
53-3011.00,11.0,0.09090909090909091,0.2874797872880344,0.27729172565378846,0.9090909090909091,53,False
53-3031.00,12.0,0.2916666666666667,0.37960139913101243,0.8734790278701755,0.5833333333333334,53,False
53-3032.00,31.0,0.24193548387096775,0.3782593354696313,0.7758836011418813,0.6774193548387096,53,False
53-3033.00,14.0,0.35714285714285715,0.3976974544878587,0.9417346261113357,0.5,53,False
53-3051.00,17.0,0.3235294117647059,0.4518321028158005,0.735719021475792,0.6470588235294118,53,False
53-3052.00,15.0,0.23333333333333334,0.4027681991198191,0.6643574057122258,0.7333333333333333,53,False
53-3053.00,26.0,0.25,0.39831375340784575,0.7471240742797937,0.6923076923076923,53,False
53-3054.00,16.0,0.28125,0.4318835925339142,0.7076765296822559,0.6875,53,False
53-4011.00,15.0,0.26666666666666666,0.40276819911981915,0.7835807040488098,0.6666666666666666,53,False
53-4013.00,25.0,0.2,0.4,0.4554859150035952,0.8,53,False
53-4022.00,28.0,0.17857142857142858,0.33312068046745763,0.6672619434128539,0.75,53,False
53-4031.00,22.0,0.2727272727272727,0.3277773886785445,0.8342022886441013,0.5454545454545454,53,False
53-4041.00,12.0,0.4166666666666667,0.4930066485916347,0.6182283531662821,0.5833333333333334,53,False
53-5011.00,28.0,0.05357142857142857,0.20438434182606421,0.27928793133467616,0.9285714285714286,53,False
53-5021.00,30.0,0.26666666666666666,0.40276819911981904,0.7835807040488098,0.6666666666666666,53,False
53-5022.00,17.0,0.0,0.0,0.0,1.0,53,False
53-5031.00,17.0,0.17647058823529413,0.34046579125853604,0.6450756427253814,0.7647058823529411,53,False
53-6011.00,18.0,0.2222222222222222,0.41573970964154905,0.482159360969681,0.7777777777777778,53,False
53-6021.00,18.0,0.1111111111111111,0.2664350846284844,0.5066818470208005,0.8333333333333334,53,False
53-6031.00,15.0,0.2,0.4,0.4554859150035952,0.8,53,False
53-6032.00,18.0,0.1388888888888889,0.32513055307554517,0.5066818470208007,0.8333333333333334,53,False
53-6041.00,24.0,0.4791666666666667,0.26922599965250177,0.7307571472837356,0.16666666666666666,53,False
53-6051.00,21.0,0.4523809523809524,0.4054615801411049,0.9937866610055328,0.38095238095238093,53,False
53-6051.01,15.0,0.3333333333333333,0.2981423969999719,0.8031140135750122,0.4,53,False
53-6051.07,21.0,0.47619047619047616,0.3610893068595976,0.9584114221179828,0.2857142857142857,53,False
53-6061.00,14.0,0.21428571428571427,0.36421567954234174,0.72483409150576,0.7142857142857143,53,False
53-7011.00,23.0,0.08695652173913043,0.240116543851897,0.4280272187063686,0.8695652173913043,53,False
53-7021.00,11.0,0.18181818181818182,0.3214121732666125,0.6913698302025114,0.7272727272727273,53,False
53-7031.00,6.0,0.0,0.0,0.0,1.0,53,False
53-7041.00,13.0,0.0,0.0,0.0,1.0,53,False
53-7051.00,11.0,0.045454545454545456,0.1437398936440172,0.27729172565378846,0.9090909090909091,53,False
53-7061.00,21.0,0.07142857142857142,0.2332847374079217,0.34635168603374933,0.9047619047619048,53,False
53-7062.00,21.0,0.047619047619047616,0.21295885499998,0.1742599131034775,0.9523809523809523,53,False
53-7062.04,18.0,0.05555555555555555,0.2290614236454256,0.19530015947347854,0.9444444444444444,53,False
53-7063.00,13.0,0.07692307692307693,0.26646935501059654,0.24684720518702505,0.9230769230769231,53,False
53-7064.00,12.0,0.08333333333333333,0.2763853991962833,0.2610893633857883,0.9166666666666666,53,False
53-7065.00,30.0,0.18333333333333332,0.32871804872193366,0.6884430865449601,0.7333333333333333,53,False
53-7071.00,13.0,0.2692307692307692,0.4213250442347432,0.7193329040881773,0.6923076923076923,53,False
53-7072.00,14.0,0.21428571428571427,0.36421567954234174,0.72483409150576,0.7142857142857143,53,False
53-7073.00,16.0,0.0,0.0,0.0,1.0,53,False
53-7081.00,16.0,0.21875,0.39404750665370286,0.6398243839286435,0.75,53,False
53-7121.00,19.0,0.05263157894736842,0.22329687826943606,0.18768409270499467,0.9473684210526315,53,False
